Input Sample	B cells naive	B cells memory	Plasma cells	T cells CD8	T cells CD4 naive	T cells CD4 memory resting	T cells CD4 memory activated	T cells follicular helper	T cells regulatory (Tregs)	T cells gamma delta	NK cells resting	NK cells activated	Monocytes	Macrophages M0	Macrophages M1	Macrophages M2	Dendritic cells resting	Dendritic cells activated	Mast cells resting	Mast cells activated	Eosinophils	Neutrophils	P-value	Pearson Correlation	RMSE
COLON001	0	0.252133052586	0.023226803384665	0.12442823410869	0	0.090565828593615	0.041329269613151	0.057900350205257	0.07455483890501	0	0.073029595093306	0	0	0	0.063820933560547	0.0003	0.043916032820548	0.070685633995976	0.054032847177733	0.030097088841288	0	0	0.035	0.13981677894844785	1.0396071316552784
COLON002	0	0.10599839525009	0	0.053324233529223	0	0	0.09519474693584	0.06573620123323	0.0040382063034759	0.12999755433452	0	0.065984600489679	0.050365265057334	0	0.05775459187955	0.21607947438136	0	0.057795373170679	0.097731357435022	0	0	0	0.005	0.18005324635221237	1.0081955046447602
COLON003	0	0	0	0	0.17297347753281	0	0.127578015034	0.05530770341881	0.13883125008558	0.122759949489	0	0.022295360909105	0	0	0	0.040338701737496	0	0.07583727283635	0	0.0918598358834	0.013944067698556	0.13827436537488	0.008	0.16713381018184137	1.03270796158763
COLON004	0.057430890214838	0.14583475801419	0	0.013842973346451	0.074085429669535	0	0	0.069829295348873	0	0	0	0.061107616628027	0.29011608733152	0.01236671269185	0.069262894893742	0	0	0.05067654549098	0.080224746001875	0	0.0040414152321401	0.071180635135979	0	0.3860476853556767	0.9237720509414747
COLON005	0	0.060830631521263	0	0.12288712369667	0.060112446385072	0	0	0	0.11874292367863	0	0.013387031710028	0	0.018546797598686	0.20019101207836	0	0	0.0080491298195465	0.038927652135801	0	0.19244384134679	0.10118491816547	0.064696491863684	1.0	-0.0864	1.1313414833852988
COLON006	0.027808917084726	0.1751620526587	0	0.17854111828313	0	0	0.05164001399015	0.0077381512977339	0.15034382999894	0.046678872627198	0.058370331995841	0	0	0.043249111263607	0.023655263729076	0.029436642267058	0	0.12583644716026	0.081539247643579	0	0	0	0	0.3834775733969736	0.9254996135285355
COLON007	0	0.26146821967813	0	0	0.30367097919999	0	0.10823245127149	0	0	0	0.1023870213366	0	0	0.033300929295314	0	0	0	0.094993150555374	0.052783223298943	0	0.043164025364149	0	0.777	0.018802990710625866	1.0853471112216708
COLON008	0	0.074634834934382	0	0	0	0.4343940102841	0	0	0.077422788137459	0	0.13998495148947	0	0	0.011559443058709	0	0	0	0.015285936425754	0	0.24671803567012	0	0	1.0	-0.1128	1.1866954715709308
COLON009	0	0.054539670268408	0.041841035869567	0.16697702312295	0	0	0.036889058938672	0.05075440773459	0.085415019677455	0	0.051135330594644	0	0	0.018212535499272	0	0	0	0.053469338985686	0	0.25041791437936	0	0.1903486649294	0.537	0.0490202450181327	1.0934833660223207
COLON010	0.040247461062927	0	0	0	0.048270131694001	0.023281986042265	0	0	0.033167152355939	0	0	0.02169894211132	0.11704792181929	0.21304590833727	0.011629020220131	0.15143714744201	0.17686375536639	0.012241254614118	0.11606101959293	0	0.035008299341409	0	0	0.3956612435318551	0.9191467498959904
COLON011	0	0.14182711376991	0.027298299266053	0	0.44118625575	0	0	0	0.082161260786878	0.028719759683745	0.088282087106806	0	0	0	0.05415856338801	0.027806564912371	0	0	0.069297232517013	0.039262862819216	0	0	0.997	-0.0597	1.1429495816439996
COLON012	0	0.047312288415054	0	0.14768400457204	0	0	0.0008	0.16446158853574	0.13924292221388	0.056121554269205	0.0075558931260307	0.10477201430677	0.0065104276641711	0	0.10829004707655	0.17574800238638	0.017478374858088	0	0.02376547287189	0	0.0002	0	0.003	0.19523817327761556	1.0270403763015397
COLON013	0	0.037046342283913	0	0.0036778602805295	0.10986840442258	0	0	0.056824586593147	0	0	0.037969572052803	0.057605575937665	0.27151626204382	0.0083423857336987	0.059650853992661	0.059352068100415	0	0	0.18940280100256	0.030859240666247	0.035007699684541	0.042876347205411	0.003	0.19741632850768756	1.0058154996064248
COLON014	0.088815925748575	0.10346132515033	0	0	0.066830277530475	0.18766040720407	0	0.12479005741183	0.12457576070919	0	0	0	0	0.25787599346355	0	0	0	0	0	0.045990252781972	0	0	0.791	0.016547638393217802	1.107236650451493
COLON015	0.018006161486669	0.035063646292445	0	0.11620713986305	0.50520910768769	0	0	0	0.04955735773995	0	0	0.01814627268446	0	0	0	0	0	0	0	0.25781031424574	0	0	1.0	-0.1124	1.2153427522065796
COLON016	0	0	0	0	0	0.080820488552598	0	0.016780948121745	0	0.006357302762587	0	0.061986401803264	0	0.1363108611455	0	0.25626659224244	0	0.049831587805662	0.22734102210687	0.0040301657762852	0	0.16027462968306	0	0.2732124442571179	0.9793953762147671
COLON017	0.041366921476698	0	0.09496181728191	0	0	0.21011233423831	0.11820548402786	0	0.1012238331498	0.081021051720555	0.031572860134648	0	0	0	0.04760265181783	0	0.018354642511523	0.15574685435585	0	0.068948020360976	0	0.030883528924042	0	0.2328384951181842	0.995046589300417
COLON018	0.27167822369801	0	0.052678973046821	0.067929856941602	0	0	0.12406885783832	0.062068977369801	0	0	0	0.087866070842708	0	0.032296491236704	0.03423885639122	0	0	0.051531101926981	0.20274486043855	0	0.012897730269276	0	0.488	0.053670844481742856	1.0789637556018208
COLON019	0	0	0	0	0.1040427397745	0	0	0	0.035752927212771	0	0	0	0.2065714981275	0.2477557779016	0	0	0.30352375284305	0	0	0.10235330414057	0	0	0.138	0.10383586262379298	1.0615137056485393
COLON020	0	0	0.059511128979814	0	0.096526264923875	0.11163361600156	0.032955853548738	0	0.010519793403384	0.055808356494413	0	0.014001299044678	0.0088687790244299	0	0.026454657953491	0.14995522409461	0.0030671831701026	0.023640032244717	0.29098910928979	0	0.11606870182639	0	0	0.25707393832134323	0.9778277937303022
COLON021	0	0.02296596774814	0.096427547000931	0.123780048429	0	0	0.13909759288922	0.08497703340456	0.023853995162056	0.13267840607212	0	0.057303472797221	0.0053560959314297	0	0.019727727877161	0	0.019596513101283	0.035830698978972	0.20502612295154	0	0.011474982059378	0.02190379559699	0	0.36519261824784793	0.9345864050745014
COLON022	0	0.051812376653341	0	0	0.32017111463044	0	0.056238009808892	0	0.11902429217321	0	0.068631869197901	0	0.0033205240931093	0	0	0	0.2882850955833	0.041637687507312	0.043178875293781	0	0.0077001550587062	0	0.432	0.06111642819527966	1.0660332025880015
COLON023	0	0.023964997724505	0.053606624765218	0.041503132201621	0.038901399350685	0	0.1048309558037	0.13524211135915	0	0.24743519873691	0	0.049790423100012	0	0.026797382138888	0.064757083437446	0.024740555389859	0.081606476997006	0	0.10484020643155	0	0.0019834525634535	0	0	0.30054656093439813	0.9656505820800798
COLON024	0.12056656422461	0	0.11939789124448	0	0.099690642838713	0.033276923298299	0	0.014571473411009	0.048981655670888	0.031266253162068	0.13288322516734	0	0	0	0	0.15412895954466	0	0.14069932566136	0.0081651812689642	0	0.0963719045076	0	0.007	0.16917944637999033	1.01919623237667
COLON025	0.041484756515918	0	0.15121020835779	0	0	0.29426640153084	0.071694871524239	0	0.11300346789775	0	0.066133001815919	0	0	0	0	0.10498522332998	0.048169143194557	0	0	0.09737008447569	0	0.01168284135731	0.598	0.042342636235300844	1.0775538508472255
COLON026	0	0.10972100545329	0.091321889879485	0	0.089494779610183	0.28269552487385	0	0	0.0036295127567756	0.14158887033828	0.034378836170773	0	0	0.025536697453864	0	0	0	0	0.14224258891453	0	0.079390294548961	0	0.017	0.1533457071461645	1.0349702591242482
COLON027	0.025467740499333	0	0.07180509070727	0	0.19681276650907	0.07231688014737	0.27505549085451	0	0	0	0.22960484813183	0	0	0	0	0	0.12893718315062	0	0	0	0	0	1.0	-0.1141	1.1534453795076536
COLON028	0.021491306521775	0	0.075967936641578	0.29212440010499	0	0	0.18875144892804	0	0	0.092861924031039	0.051038552951338	0	0	0.11715820591424	0.042454717931354	0	0	0	0	0	0	0.11815150697564	0	0.22630273996050632	1.0050151637146567
COLON029	0.026618792241292	0	0.13642641867691	0.063592635524644	0	0.26157281317538	0.22487518088991	0.018456864279877	0	0	0	0	0	0.045131241137497	0	0	0.084965142473597	0	0	0.073856245039603	0.0086796208365356	0.055825045724763	0.498	0.05258771600634788	1.0648863767319328
COLON030	0	0.02144043508218	0	0	0.094711548383959	0.25603192736708	0.19481266384618	0	0	0	0	0	0.037780316969543	0.073971642103584	0	0	0.08385307184134	0.1257116000481	0.11168679435803	0	0	0	0.512	0.050975760723262355	1.05617464056582
COLON031	0.19806671443923	0	0.084592181670707	0	0.078410485725285	0.19488407561977	0	0.067453768370231	0.0500387939715	0	0	0.014902852412402	0	0	0	0	0.25027909524327	0.0013531640695471	0	0.060018868478064	0	0	0.202	0.09287106759659709	1.0609531351750134
COLON032	0.049911684717401	0	0.079081532039394	0.085253509689541	0	0.097782634514272	0.40266152059009	0	0	0	0.15079293551701	0	0	0.037791323501442	0	0	0.03603385592582	0	0.060691003505029	0	0	0	0.014	0.15844456702426765	1.0306010091876947
COLON033	0.042454654980841	0	0.074671561505395	0.021314039192169	0	0.12292574111724	0	0	0.17800546875374	0	0	0.16422453031831	0	0.025308744536365	0.091408026821712	0.051390719647715	0.075774786893201	0	0.14006304359042	0	0.012458682642889	0	0.51	0.05132231110280043	1.0746240863537242
COLON034	0	0.022815140414067	0.093047658137947	0.07215599966791	0	0.088482251608432	0.2722246254225	0.048762450948035	0.02314617241236	0.059640248282258	0.094991723810179	0	0	0.01526642608732	0.029070531763402	0.025187118284172	0	0.053297586151127	0.014972239636314	0	0	0.086939827373978	0	0.40721861301909346	0.9135409609336563
COLON035	0	0.077304391027937	0	0	0.12210368334592	0.11182817422022	0	0	0	0.07165809894454	0.067384893118963	0	0	0	0	0	0.18541353617851	0	0.18840411851437	0	0.17590310464955	0	0.994	-0.0519	1.0934157660927053
COLON036	0	0	0.07484905179147	0.3059175229175	0	0	0.031154544062867	0.063385618871436	0	0.049418983076499	0.048431782035164	0.040924320731183	0.036699063718533	0.031778446756412	0	0.11306926194295	0	0.061947388123161	0.10521210198331	0	0	0.03721191398952	0	0.38956707541369745	0.9225139277865243
COLON037	0.016000456774484	0	0.12142310193497	0.17171256076969	0	0.054433825200806	0	0	0	0.078920582564653	0	0.054727764565455	0.085165382406	0	0	0.21012876024717	0	0	0.14185360945666	0	0	0.065633956080114	0	0.28605742589940375	0.9678803777830575
COLON038	0.15964768500706	0	0	0.03149757610446	0	0.18094332886064	0.015211125692225	0	0	0	0.014273914625183	0	0.0099814320091484	0	0.070518368952517	0.10646932618293	0.13554982792374	0	0.2759074146421	0	0	0	0.07	0.12407765679719174	1.0304553066499893
COLON039	0.29001005225103	0	0	0.027786429142617	0	0.17131557719198	0	0	0	0.16187338419475	0	0	0	0	0	0.086301199494688	0	0	0.11866911386109	0	0.14404424386385	0	0	0.24450091714075264	0.994577989069985
COLON040	0.15084870381361	0.052299826202107	0	0	0	0	0.33494651491903	0	0	0	0	0	0	0	0	0	0.19986882860227	0.046990976773826	0	0.21061521986714	0	0.0044299298220218	1.0	-0.1257	1.1414542080196313
COLON041	0.27796365850701	0	0	0.074054373469833	0	0.187657757053	0	0.023775896330814	0	0.04874225264043	0	0	0	0	0.05739233531177	0.042959401448642	0.1653363636523	0	0	0.024584592395686	0.097533369190515	0	0.467	0.05671639773437073	1.0693753755784827
COLON042	0.011489770887971	0	0	0.16075431175002	0	0	0.016782194655049	0.058265801984392	0.0039657793281772	0	0	0.11005723961636	0	0.12970036703271	0.056530760799253	0.15369506065051	0.1456694793706	0.044692611477118	0.067399619041824	0	0	0.040997003406015	0	0.24033764815235187	0.9867877675100548
COLON043	0.018459223296453	0	0.08448797668204	0.018564987891796	0	0.25610134722621	0.043855663162195	0.08209947349747	0.081060301323299	0	0.12927776147081	0	0	0.013458874815019	0.025892901269052	0	0.24150933793291	0.0052321514327433	0	0	0	0	0.013	0.16062907598039203	1.0278923006209142
COLON044	0	0.16698037235059	0	0	0.31784872583707	0	0	0	0	0	0.0066938135355341	0.0027259428518005	0	0.068840997210981	0	0	0	0	0	0.30397018993386	0.056716238786675	0.076223719493484	1.0	-0.1464	1.1852145896367106
COLON045	0	0.049315925821151	0	0	0.2454931616537	0	0	0	0	0	0.11655129708727	0	0.0003	0.300402612899	0.038749337441277	0	0	0	0	0.091023605379308	0	0.15817562517604	1.0	-0.0712	1.1398060515463568
COLON046	0	0	0.046333039349459	0.13255615778471	0	0.33701488158342	0.10504708528293	0.028165923550753	0.092955213673758	0	0.12073224825191	0	0	0	0	0.035268322313225	0.08399925888406	0.017927869325783	0	0	0	0	0	0.2675651243825919	0.9977466696000783
COLON047	0.18325178627391	0	0	0	0	0	0.075958096690974	0.12510001577287	0.082997926976681	0.0096105029486096	0.050484555839734	0.067195708997219	0	0.079674693718644	0.068206932417318	0.014506886371499	0.11825702072351	0.02039977867837	0.046861856081425	0	0.013084338570679	0.044409899938555	0	0.38418443202214503	0.9229393813366724
COLON048	0.11416370180663	0	0.13592164782187	0	0	0.20922788899348	0	0	0	0	0.020645981489269	0	0.011579469080386	0	0	0	0.097759161658242	0.030398944031068	0.20720138506393	0	0.085928335524886	0.087173484530228	0.206	0.09216786984045097	1.0488188450556146
COLON049	0	0.022824023411655	0	0.25432970312152	0	0	0.10206845691957	0.0525974395906	0	0.11256211751555	0	0.054933289007727	0	0	0.06009052427502	0.13922981037366	0	0.0515094696317	0.149855166153	0	0	0	0	0.2924202335644019	0.9701754391101037
COLON050	0	0.098933933265631	0	0	0	0.013673117348422	0.0092186325706756	0	0	0	0.0086013511756304	0.06476988261149	0.05855107783335	0	0.015638026959177	0.36876978694883	0	0	0.33794325953738	0	0	0.023900931749414	0.08	0.11968658700385258	1.0496552569218875
COLON051	0.015400511324511	0.05271208687822	0.086453723494785	0	0.11694446024545	0.027119989553221	0	0.035473586355361	0.040307637311953	0	0.0073117783720795	0	0.14222050320829	0.34454816065024	0	0	0	0.11966973815311	0	0.011837824452787	0	0	0	0.23259599436210493	0.9983347597268921
COLON052	0	0.056669430749466	0	0	0.37745010069448	0	0	0	0.08629993646611	0	0	0	0	0.23725970966455	0	0	0	0.12886882404924	0	0.11345199837616	0	0	1.0	-0.1259	1.1612271329882762
COLON053	0	0.014629801907532	0	0	0.017718047545894	0	0	0	0.50230309779568	0	0.03067522749552	0	0	0	0	0	0.18277723333803	0	0	0.063597522031916	0	0.18829906988543	1.0	-0.1535	1.199034642549204
COLON054	0.20697550978109	0.20290064565849	0	0	0.36444635342367	0	0	0.028557255490822	0	0	0.032738176910612	0	0	0	0.051640946532701	0.059520659981368	0	0	0.05322045222125	0	0	0	0.007	0.1719943514030585	1.0519549704936035
COLON055	0.062823240230716	0.12692148915882	0.11690000374465	0.021347751939104	0	0.13324589021671	0	0.19478342319149	0	0.0097875558658778	0.13058329527074	0	0	0	0.013711738212738	0	0.015582639204847	0	0.10192871117637	0	0	0.07238426178794	0	0.25208583328604683	0.9966087492817044
COLON056	0.087417107992903	0.079601339369332	0.069006559643978	0.020215400394077	0.18879698342787	0	0.041237330712563	0	0.12342049077414	0	0.1305172518963	0	0	0.0011491868152134	0	0	0	0	0.25863834897362	0	0	0	0.696	0.029654769224279544	1.0939591213145787
COLON057	0	0.083150537847596	0.065991724969598	0.026455046962838	0.032179017641698	0	0.071809089203507	0.016108567577637	0	0.12699729455328	0	0.057209337284417	0.037947429962212	0	0	0.21360228368101	0.033706181681318	0.018779612453669	0.20222114324831	0	0.013842732932914	0	0	0.25438220718212434	0.9770361378099596
COLON058	0	0.065387721245605	0.089678812214478	0.055418875332945	0.015030901301369	0	0.1313022337624	0.15738796678219	0	0.017056111518982	0.1127814417812	0	0.020999243054598	0.041484464355028	0.029355274864877	0	0.047256517784527	0.046172587985841	0.066242809979472	0	0	0.10444503803648	0	0.2794608386675558	0.9677230017336497
COLON059	0.077552881177712	0	0.075077731049381	0	0	0.16096381778016	0	0	0	0.09979698456533	0	0.016548279552366	0.059697423814291	0	0	0.15588039439081	0.04723344405382	0	0.2463047809904	0	0.06094426262573	0	0.001	0.2080330532182568	0.9953417510006498
COLON060	0	0.073903923260662	0	0	0	0	0.083925069622833	0	0.038611270535294	0	0	0	0	0	0.033212925935217	0.0061051410971033	0.081447137861662	0.0018816015974473	0	0.26371662727981	0	0.41719630280997	0	0.348009275895908	0.9789651380519081
COLON061	0.062923697914723	0	0.043445412473364	0.020464618742938	0	0.061391275626852	0.15315920638756	0.077223874232829	0.030813787974734	0	0.068215091243959	0.02079380167826	0	0.044261501116923	0.055367856140265	0.07855963653267	0.18838434114347	0.011567286282321	0.083428612509125	0	0	0	0.014	0.15828572282152273	1.0076507352002295
COLON062	0	0.052388596075683	0.15528822480863	0	0.0063334663313197	0.097997806614528	0	0	0.041879119080365	0.14813001650575	0.011059258018955	0.022195427464914	0.049410448153431	0	0.070851701322327	0.073936900644646	0	0	0.27052903497945	0	0	0	0.075	0.12101548539011847	1.0452797710750028
COLON063	0	0.15202787809162	0.029413210085731	0	0	0.29735879055659	0	0	0	0.0092276479269877	0.058371326327134	0	0	0.046237088628308	0.066868772922312	0	0.11963947551054	0	0.053387441141756	0.078361170568171	0.066331770344392	0.022775427896463	0.904	-0.0036	1.0748313933318387
COLON064	0	0	0.056478891228122	0.27186763922171	0	0	0.065694528090127	0.055427546744554	0	0.13084860685856	0.004471951322525	0	0.034406979067123	0	0.04223256364263	0.12078644311572	0	0.02684146908258	0.083749842445755	0	0.046193909925995	0.060999629254597	0	0.43411328131457133	0.9000571665472811
COLON065	0	0	0	0.029484346259215	0.35444423564837	0	0.20999242590907	0	0	0.033583127416006	0	0.10591005367616	0	0.031872965838292	0	0	0.12580009432033	0.019122201368893	0	0.057043995967518	0.032746553596147	0	0.973	-0.0288	1.1206243544947045
COLON066	0	0.19138043788732	0	0	0.25796749371797	0.1471525062054	0.085880756633251	0.041598085353533	0	0.12059818914868	0.011098749943816	0	0	0	0	0	0	0.077300883644628	0	0.061550658157414	0.0054722393079841	0	0.901	-0.0031	1.1164214416892724
COLON067	0	0.023544480477956	0	0.058354097586494	0	0	0.026817054662866	0.0081755771383789	0.051574638033034	0	0	0.046437022370179	0.0036022577174621	0.25061073861605	0.096453614743326	0.13655616848421	0	0.098605385607109	0.095691213065571	0	0.067818241928819	0.03575950956855	0	0.4266548707704714	0.9040687536364305
COLON068	0	0.096402417003164	0	0.016227666858041	0	0.077003436415763	0.13971486776654	0	0	0	0	0.020452906470127	0	0.0064938758153298	0.14893273900482	0	0.044622379358382	0.090465049539771	0	0	0.084812498215152	0.27487216355291	0.001	0.22138683384438534	1.0182171148326202
COLON069	0	0	0	0	0.070893370767635	0	0	0.014464534499294	0.090101400699514	0	0	0.24368767402154	0	0.23101712282594	0	0	0.14847228254865	0.012891990352713	0.13688253511707	0	0.051589089167644	0	1.0	-0.1194	1.1621591986486706
COLON070	0.084132420088113	0	0	0	0.21775899112291	0.23636633999234	0	0	0	0	0.025957179471793	0	0	0	0	0	0	0.11453453311823	0	0.19157162718437	0	0.12967890902224	1.0	-0.1812	1.182143547110851
COLON071	0.061950912346591	0.087890944095311	0.029352751412226	0	0	0.31769521159018	0.12000908669891	0.023063221239873	0	0.082327240822825	0.079981735162856	0	0	0.05831205465738	0	0	0.0018047828477365	0.05732982964542	0	0.036377782539853	0	0.04390444694085	0.002	0.19866915613838726	1.014236164816324
COLON072	0	0.098676747929502	0.057262398205365	0	0.0022029893228003	0.090928152024001	0	0.15008503433609	0	0	0.01880546301415	0	0	0	0.041871017353693	0.077301025179268	0	0.11357805739441	0	0.11095153768325	0.051060429881328	0.18727714767614	0	0.2650127242842282	0.9786479079829538
COLON073	0	0.14190852857001	0.035406827171301	0	0	0.2889646120676	0.0013338901470774	0.01164961282298	0.079712444456989	0.061987608329169	0.093177524624903	0	0	0	0.011807128139822	0	0.035162814948345	0.16429423792353	0	0.074594770798268	0	0	0.619	0.03997175424325096	1.0846650109865719
COLON074	0.04995101858373	0	0	0	0.025596963677652	0.17164158570787	0.067059206294071	0	0	0.091346651210062	0	0.028161375844199	0	0.089435356186184	0.087620828836319	0.057811787381692	0.18837006043565	0.020297476383047	0.094945013819552	0	0.027762675639973	0	0	0.2224256506186687	0.9873826888720222
COLON075	0	0.22829917862294	0	0	0.21290885162835	0	0	0.09270524406495	0	0.24103331940916	0	0	0	0	0	0	0	0	0	0.19306046592702	0	0.031992940347572	1.0	-0.1427	1.1815377502213318
COLON076	0	0.10321269842249	0.004946401317447	0	0.33293122798996	0	0.28878666206443	0	0.0189291649445	0	0.13729637577417	0	0	0	0	0	0	0	0	0.0078388945237743	0.10605857496322	0	1.0	-0.0855	1.1432512641600612
COLON077	0	0.054154145055286	0.01750885769154	0.029934632784968	0.13528316732763	0	0	0	0	0.23078871529174	0.008968398516688	0	0	0.14518957918691	0	0.045930341261298	0	0	0.1741458986755	0	0.15809626420845	0	0.126	0.10668328456775417	1.0424297777405487
COLON078	0	0	0	0	0	0.11757248325494	0	0.06200793223427	0	0	0.0061131363647345	0.015090648131458	0	0.16865401832463	0.044214557825025	0.18083032581854	0	0.062267425782142	0	0.15464676564877	0.1130056817641	0.075597024851399	0.32	0.07433949048305506	1.066371355973281
COLON079	0	0.15380655213911	0.0057179781318805	0	0.35052614560129	0	0	0	0	0.060838882648004	0.033139267207439	0	0	0.21781100195884	0	0	0	0.05228300473583	0	0.12587716757761	0	0	1.0	-0.2174	1.1823613559373762
COLON080	0.087959022096313	0	0.098510584834849	0	0	0.051483679122988	0	0	0	0.052351287094238	0.084544334387438	0.013199348718024	0.050939335816179	0	0	0.020788163659155	0	0.03321104331136	0.17041305867834	0	0.1015341216645	0.23506602061662	0	0.28702594084255817	0.9770893617556616
COLON081	0	0.18740938087412	0.061962817777656	0	0	0.29485898481853	0.040559687761815	0.16928162315885	0	0.11433985930765	0.022157419920504	0	0	0	0	0.032383179771726	0	0.024799772944824	0.036461434918257	0	0	0.015785838746072	0	0.28124561130883413	0.9858328684187879
COLON082	0	0	0	0	0	0.15459277192532	0	0	0	0.0073113734321537	0.0079817413541859	0.013316515462981	0.072432527410874	0.18019805453751	0	0.20940551918096	0	0	0	0.0071148284956306	0.17003490454756	0.17761176365284	0	0.29607624391840826	0.9777420042589173
COLON083	0.0056181113844315	0.02184849311343	0.036817567467221	0.11474675057091	0.25639629627897	0	0	0.12810411177468	0	0	0	0	0	0	0	0.2010673081622	0.1110210871769	0	0.12438027407126	0	0	0	1.0	-0.0988	1.1237349035943376
COLON084	0.0086324548415598	0	0.1033278732767	0.030604940293598	0	0.08374606631659	0	0	0	0.073596857670391	0	0	0.15055413583918	0.24131513502776	0.0002	0.12712476403441	0	0.054740721001991	0	0	0	0.12620668006443	0	0.357265367613914	0.9411144469348295
COLON085	0.023426118026105	0	0.10202760231677	0.27415038460423	0	0	0.033334491809252	0.048184781645786	0	0.099540522694364	0	0.012772148580091	0.024769821248519	0	0.042799964470088	0.14023206905364	0.034887252399772	0	0.12577117366062	0	0.03346001979965	0.0046436496911224	0.003	0.18863326082400064	1.009376921666069
COLON086	0.055260100001691	0	0	0	0.22530924764355	0	0.29962914868424	0	0	0	0.10905513368034	0	0	0.10095532637682	0	0	0	0	0	0.19910643399213	0.010684609621233	0	1.0	-0.168	1.1723002466981254
COLON087	0.12506070331425	0.14223070099645	0	0	0	0.26172790715169	0.093266988028134	0.039515015805011	0	0	0.050585092876682	0	0	0.046619754160151	0.083468007558035	0.014694665680714	0.062967288508959	0	0.058976398866761	0	0.020887477053163	0	0	0.2988119243831827	0.9629799463502475
COLON088	0	0.026043490530876	0.083835359791565	0.010001421371063	0.048059670214916	0.17961145119746	0.22373097727439	0	0.010297442001954	0.01866658790015	0.11590641521427	0	0	0.01656303172417	0.0099626129714788	0.11370936311472	0	0.087401226660522	0	0	0	0.056210950032454	0	0.2443990094064941	0.9839628319364079
COLON089	0	0.029059041662963	0	0.11916490008167	0	0	0.13070954052135	0.063041715063662	0	0	0	0.047681058205432	0	0.1601511255638	0.078066027876156	0	0.018227429047175	0	0	0.080006302417246	0	0.27389285956054	0.088	0.11705205081223982	1.0629446337754807
COLON090	0.050967241548509	0	0.011262196393807	0.091778325133953	0	0.09854727937446	0.071101200711284	0	0.037546786066573	0.097794837405857	0	0	0.1279677866909	0	0.031535861556926	0.16898892252014	0	0	0.11113068928225	0	0.085071466104126	0.016307407211213	0	0.2704033117569118	0.9688909813578478
COLON091	0	0	0	0.057499327318838	0	0	0.12745508165114	0.038608633498678	0	0	0.019343261639678	0.091356589966846	0.085899868677212	0.16814291170803	0.034066217646309	0	0.063855679936816	0	0.28880156823922	0	0.024970859717235	0	0.126	0.10670442042745285	1.0426553848753717
COLON092	0.12605527120138	0	0	0	0.031123751998229	0.14344737476342	0	0	0	0	0.06560090379558	0	0	0	0	0.054195927239558	0.20769131320637	0	0.0003	0.020218769089364	0.35135729607489	0	0.432	0.06107277297397168	1.064501131206868
COLON093	0	0.10993652195119	0.067830993124476	0.088170365987896	0	0.12529904548262	0.0095799703004259	0	0.10216845596448	0.28309377698557	0	0	0	0.024631167795539	0	0	0	0	0.094801585188762	0.046826070692712	0.047662046526335	0	0.001	0.21114952417772032	1.0206337997653077
COLON094	0	0.17468651828462	0.049934621474762	0.11415811380713	0	0.21174252479655	0	0	0.033196689665983	0	0.10163838433316	0	0	0	0	0.023079654803414	0	0.010586538739707	0.099893868233385	0.074898897100701	0.10618418876059	0	0.569	0.04576885450905276	1.0773927773572607
COLON095	0	0	0.026130129266705	0.039680887535019	0	0.061304889805953	0.066494147665923	0.0082146196948754	0.044175083314161	0.11726994049912	0	0.060706856496173	0.096592606841251	0	0.038842649323883	0.20752126972747	0.022039683880839	0	0.12690015533809	0	0	0.084127080610549	0	0.3484290834344427	0.9384654720169852
COLON096	0	0.1144042534931	0	0	0.035550597287553	0	0	0	0.25924359281262	0.062446430697419	0	0.16573779263354	0.11740860462522	0	0	0	0	0	0.24520872845054	0	0	0	1.0	-0.1387	1.1746872868884595
COLON097	0	0.0025708713415103	0.018847734911249	0	0.51454388867585	0	0.1088071218994	0	0	0.013001227386969	0.12890005108182	0	0	0.19004048802248	0	0	0	0.023288616680728	0	0	0	0	0.982	-0.0364	1.1403435812042668
COLON098	0.17172718406622	0	0.016639912280156	0	0	0.18982052803947	0	0.068646497621275	0	0.082745352520412	0	0.064447104071867	0.051256015332329	0	0	0.15258317270997	0	0	0.14497461653381	0	0.057159616824486	0	0.207	0.09141063121288437	1.0464387735797123
COLON099	0	0	0.17299068890778	0	0.0089155389107046	0.31591689909076	0.15686193395301	0	0	0.22706724334246	0	0	0	0	0	0	0.11080874738415	0	0	0	0	0.0074389484111447	0.974	-0.0302	1.1276360113323565
COLON100	0	0.020278430389151	0	0.15782163176656	0.0021287604692101	0	0.047137072805342	0.022104153129163	0.015014036085896	0.086895071575248	0	0.045591646568637	0.080947009186529	0	0.056134869753739	0.29738667718553	0	0	0.15249983191523	0	0.0096397402191213	0.0064210689506447	0	0.3165307321402179	0.9530019738080943
COLON101	0	0.12075117009463	0	0.033355975544515	0	0	0.087350686114501	0.12375645062606	0.03503127770614	0.022168007829414	0.10223531932516	0.029714022912634	0.043033049690242	0.01288832665732	0.12988125528987	0.21375997049667	0.0081701933111148	0	0	0	0	0.037904294401729	0	0.318171508057714	0.9543163011903523
COLON102	0	0.21165617873845	0.048444135750505	0	0.19300991740988	0	0	0	0	0	0.063405706146725	0	0	0	0.032759075381962	0	0	0.003232842521342	0	0.23497025831957	0.14200474715661	0.070517138574954	0.794	0.01608961223615218	1.0987204698861097
COLON103	0.033572651631948	0	0.12857455386006	0.10045596539705	0.038708352972727	0	0.034847478074735	0.0058816674403833	0	0.064488933931782	0.029314552081909	0	0	0.09872868270346	0	0.14162293270269	0	0.040626683205241	0.0090270744838374	0.033476892729613	0.10283577279564	0.13783780598892	0	0.35353637713237934	0.9378074886444857
COLON104	0.049417522117676	0	0.030724386943131	0.25830223514269	0	0.39616282274498	0	0	0.010037262607667	0	0.037555551661406	0	0	0	0	0.011214112685081	0	0	0	0.15875562741224	0.047830478685122	0	0.231	0.08897339789102532	1.0980896929970183
COLON105	0	0.058662059340853	0	0.055104614216061	0.43761171590316	0	0	0	0.055582605339341	0	0.059052545191866	0.18550237056694	0	0	0	0	0.098083683110013	0	0	0.014960549720913	0	0.035439856610855	1.0	-0.109	1.2041083229119447
COLON106	0.0098026566924184	0.06282947927625	0	0	0.142519468136	0.0999205439111	0.21765364588686	0.007829720289529	0	0	0.13979398914016	0	0	0	0	0	0.070712877308353	0	0	0.24507351235113	0	0.0038641070082068	1.0	-0.0904	1.1483412722297985
COLON107	0.16451509493593	0.061478123433728	0	0.015603273014442	0.026173749284787	0.044850887308785	0.1068370531475	0	0	0.0007	0	0	0.048381174443231	0	0.10133131977645	0.12998986682755	0.17284525045979	0	0	0.02102340326746	0.044267693065283	0.061960865482645	0	0.30892679810826423	0.9556349425521894
COLON108	0.21269168543148	0	0	0	0.078196983056887	0	0.036896473124454	0	0	0	0	0.10232777330055	0.0006	0.16731857528888	0	0.14650959107372	0	0	0.25364338608451	0	0.001784022125392	0	1.0	-0.1692	1.1544619096555784
COLON109	0.048144470036453	0	0.14141510327799	0	0.12030729592525	0	0	0.010971240849158	0	0	0.0073650915930039	0.073782700277766	0	0.14426794128685	0.020501725882033	0.15862545306085	0.10775918065015	0	0.083079953763046	0	0.083779843397444	0	0.023	0.14279310451923732	1.0239932314953113
COLON110	0	0.19179179828788	0.1832644321336	0.11642365215648	0	0.18642343135787	0	0	0.10662953743182	0.0039340536369996	0	0.017121346950766	0	0	0.0097433723597954	0	0.11029008811522	0	0	0.074378287569565	0	0	0.02	0.14747052838361313	1.0576293346528858
COLON111	0	0	0	0	0.16003781539	0	0.1046516960913	0	0	0.037689623519311	0	0.080539293384181	0.13566697141467	0.056524043318505	0.032266418286673	0.012221739135767	0	0.046492507539751	0	0	0.14299617113689	0.19091372078295	0	0.2546897451789544	0.9909016158199979
COLON112	0	0	0	0	0.4556757537058	0	0.081849481741259	0.050823710180254	0	0	0.06714815079557	0.16732819166354	0	0.15178656379787	0	0	0.025388148115711	0	0	0	0	0	1.0	-0.1117	1.1992782075177773
COLON113	0	0	0.061194835793237	0.16566438534773	0	0.041085898485187	0.079535302315529	0.067009483517717	0.048565392202903	0.020934641519613	0.063838585145716	0	0	0	0.024036552488034	0	0.23639159477613	0	0	0.1917433284082	0	0	1.0	-0.0681	1.1181534857370157
COLON114	0.047609110241893	0	0	0.38756930804826	0.043820846200557	0	0	0	0.044508627240369	0	0	0	0	0	0	0	0.04190716553885	0	0	0.26502778740056	0	0.16955715532951	1.0	-0.1211	1.1874301609159201
COLON115	0	0.1238142678801	0.046226922153594	0.064115122835814	0	0.24426650077784	0.095339318175499	0	0.066512321979578	0.23371205953944	0	0	0	0	0.004371714456265	0.034433464247043	0	0	0	0.087208307954825	0	0	0.524	0.04973918412961466	1.0983652145275695
COLON116	0	0	0.076255821989435	0	0.20820783780334	0	0.015583582564196	0	0	0	0.0049718726012819	0	0.097238598583577	0.071127718650004	0	0	0	0.12850509439773	0	0.20677111950862	0	0.19133835390183	0.057	0.1285601904046672	1.049380998899287
COLON117	0.012110379324658	0.041660142571878	0.011719475445712	0.030547137610307	0	0.046344997006439	0.30323322791893	0.12493240687096	0	0	0.1029033274139	0	0.077507719135733	0.02054865351602	0.10195179385514	0	0.1009216299458	0	0.0092443440014613	0	0.016374765383054	0	0	0.2498211849591049	0.981581183593593
COLON118	0	0.14527287478853	0	0.09781764160154	0.17550733241146	0	0	0.018704355737817	0	0	0.19213809137872	0	0.047689755648302	0	0	0	0.14042800418961	0	0.030752427633969	0.056986424983586	0.094703091626465	0	1.0	-0.0992	1.1211425124898016
COLON119	0.078204792633795	0	0.040803393962795	0	0.025290803028923	0	0.11554143323208	0.011084852574202	0.060282076287221	0.0059371465251132	0.11713075489655	0	0	0	0	0	0	0.21109989033241	0	0.20773057126168	0	0.12689428526522	0.231	0.08891494453751386	1.0635322087339234
COLON120	0.24681641472121	0	0.010055413783175	0	0.02843345744129	0.080975343706177	0	0.15582168939029	0	0	0.0707039237846	0	0	0	0	0.19251764861828	0	0	0.13102483888134	0	0	0.083651269673635	0.141	0.1032490975498775	1.0460186616609928
COLON121	0	0.12332954792523	0	0	0.10417467075748	0	0	0.10660766059401	0	0	0.022283535465515	0	0	0.36062891083916	0.10997691435236	0	0.10801761904279	0	0	0.064981141023458	0	0	0.952	-0.0206	1.113163936320188
COLON122	0.11799454964528	0.035637518823306	0	0	0	0.21661196438548	0.076186038441947	0.058942687585258	0	0.069731389101359	0	0.0053762807488351	0	0.03916537487389	0	0.03279728215453	0.17906756236012	0	0.16542768527143	0	0.0030616666085582	0	0	0.32192043121791875	0.9490865178338688
COLON123	0.10402882989031	0.092694542024542	0	0.037022477039574	0	0.05197475631582	0.089702306723354	0.012533708393382	0.059446889688658	0.041397333014278	0.07443078446595	0	0.036914999103291	0.065164706796214	0.10578314243185	0.050449050267402	0.087787068854045	0.07468974520722	0	0.01597965978411	0	0	0	0.43704456016732535	0.8986439727378673
COLON124	0	0.16616641232915	0	0.028923399984865	0.05938138092702	0	0.004668118867639	0.24173583277596	0	0	0	0.17495674559924	0	0	0.080083655167081	0.034549711435401	0.0074733888851567	0.015726882505442	0.040893694597911	0	0.077711837202418	0.067728939722725	0.027	0.1416295233842525	1.0464875589668097
COLON125	0.026081114353924	0	0	0	0.093669696306053	0.091532828682531	0.018223214053363	0	0.021269798927874	0	0.10202256228603	0	0	0.15549170414471	0.11263529253942	0	0.14812716194645	0.10747487561529	0	0	0.0989613730877	0.024510378056654	0.001	0.21409795886816751	1.000913170668299
COLON126	0	0	0.069598078192537	0	0.32730403500652	0	0.30542434121369	0	0	0	0.082431511461538	0	0	0.18663827559208	0	0	0	0	0.02860375853363	0	0	0	1.0	-0.1589	1.1554851808627498
COLON127	0.02377688001679	0	0.085873968744569	0.13333302428351	0	0.022202905856447	0.17051384487023	0.076647010022388	0.0070988578852232	0.12049405336218	0	0	0	0	0.010209798857219	0	0.093702877999638	0	0	0.21743118006247	0.038715598039329	0	0.378	0.06706498053165905	1.072643493976638
COLON128	0	0.064592233968932	0.053420682220114	0	0	0.065070847266155	0	0	0.039366113827864	0	0	0.042080950596941	0.017383797544465	0.084063463873623	0	0.21701501145325	0.12033268705529	0.0041548096540797	0.083121330960609	0.084580763634266	0.087197763967184	0.037619543977224	0.007	0.17097238002247483	1.012027354852191
COLON129	0	0	0.038445451152078	0.19723213034867	0	0	0.14575870921262	0.08708455088249	0	0	0.089766182485648	0.081817797307007	0	0.020588834850213	0.14731132139971	0.050799212129751	0.0048105295176314	0	0.089502218763902	0	0	0.046883061950287	0.479	0.054689644301489725	1.0876892553426745
COLON130	0.095239528650521	0	0.057814831727499	0.014983531092775	0	0	0	0	0.15513382353291	0.047228447417627	0.048496691531611	0	0.067316665222503	0.062242473740393	0	0.072265788017405	0.093452977092753	0.081536487515331	0	0.082648206699991	0.03724408275121	0.084396465007471	0	0.2649415741331794	0.9722528469893558
COLON131	0	0	0	0.025939437927091	0	0	0.049395134095747	0.17420289979547	0.16641706181613	0.12981660180692	0	0.030383872496586	0.10628789424564	0.037309327160391	0.027166889851467	0	0	0.1976159294449	0	0.055464951359661	0	0	0.003	0.18885146649184	1.0246528965876602
COLON132	0	0.07810972805302	0.11400679372069	0	0	0.45007600873953	0.02798321673266	0	0.042288980248257	0.0099636821533052	0.066287598034164	0	0	0	0	0	0.042673994086253	0	0	0	0	0.16860999823212	0.017	0.15343856534211606	1.0479788601563416
COLON133	0	0.15392324688936	0	0	0	0.031621568177477	0	0.059079904720895	0	0	0	0.017385573113985	0	0.10989908288954	0.14568342404593	0	0.2668721377291	0	0	0.13917120827248	0	0.076363854161243	0.949	-0.0182	1.1040827557138737
COLON134	0	0.19062676394908	0.02743727087555	0	0	0.17772658502451	0.085604526378956	0.10420631365077	0.015500004079821	0.0007	0.097563755537245	0	0	0	0.0032616855775264	0	0.16456527063741	0.13282724845458	0	0	0	0	0	0.28486425664728693	0.9686740200770396
COLON135	0	0.027913589408353	0	0	0	0.23128468518258	0	0	0.24448378493882	0.03206734525367	0.064057532827513	0	0	0	0.010569748362033	0.028903965505243	0	0	0	0.27137482937982	0.02842824537061	0.06091627377136	1.0	-0.0972	1.1712853429437067
COLON136	0	0	0	0.0074560407531823	0.16583835423773	0	0.43297862420635	0	0.076577965199733	0	0	0	0	0.18736085821749	0	0	0	0	0	0.12978815738551	0	0	1.0	-0.2052	1.1855760321281263
COLON137	0.018036246986594	0	0	0	0.060064806929767	0.3750190226931	0	0	0	0.076773558125586	0	0.014981954370626	0	0.18868879362214	0	0	0	0	0	0.13960125736196	0	0.12683435991022	1.0	-0.1094	1.1593828901457868
COLON138	0.21157815960818	0.057131425276826	0.065139568630622	0	0	0.038945940714315	0	0.13528107922939	0.12591065157339	0.14955353440528	0.10133666844786	0	0	0	0	0	0	0	0	0.11512297211414	0	0	0.98	-0.032	1.1512984299078033
COLON139	0	0.041720742411307	0.06265982018404	0.23596212950922	0	0	0.11326969985692	0.10001779076042	0.038567486321483	0.044474390602569	0	0.039228853518835	0	0	0.055363954097266	0.080556593289906	0.09188890896796	0	0.067208762315206	0	0.029080868164868	0	0	0.273153284260846	0.9737453782392572
COLON140	0.031967097984364	0	0.023780411757051	0	0	0.17862336504797	0.084318690781355	0.17797657918867	0.06448333915355	0.1150733544488	0.052229088190589	0.042665528949826	0	0.068189570768309	0	0	0.022520696213064	0.073052498061322	0.065119779455128	0	0	0	0.003	0.18349252755435072	1.0274342535492205
COLON141	0.1303027219041	0	0	0.1532394568382	0.043073884082572	0	0.20281514586741	0.10739939073677	0.12717500122751	0	0	0.056721828482684	0	0	0.02134392875201	0	0.096320976449145	0	0.0616076656596	0	0	0	0.963	-0.0253	1.1168726965402909
COLON142	0	0	0.038964855397897	0	0.097471021301369	0	0.033877802733542	0	0	0	0.14503224827677	0	0	0.17009548267791	0	0	0	0.014134206181281	0	0.22405269153026	0	0.27637169190097	0.01	0.1648264312612015	1.0588562793070417
COLON143	0	0.019095551583643	0.044571778368602	0	0.38258391421477	0	0.026012797632904	0	0.084411462594687	0.070536212572731	0	0.0062336807951345	0	0.063294232671206	0	0	0.055126247288911	0	0	0.1846649941235	0.023297078298349	0.040172049855566	1.0	-0.1796	1.1799319129725523
COLON144	0	0	0	0	0	0	0.25276683286235	0	0.21568362321905	0	0	0	0	0.26046423383407	0	0.14223012699595	0.02663161614589	0	0	0	0.091922552206592	0.010301014736091	0.989	-0.0464	1.1122758043256502
COLON145	0.10616572099971	0.060267201426627	0.079800003280938	0	0	0.30290268790025	0	0.03356207633298	0	0	0	0.034717210809904	0	0	0	0.19353213845595	0	0	0.12491960549407	0	0.064133355299564	0	0.138	0.10375221576280458	1.0433854850187825
COLON146	0	0	0.031432269266688	0	0	0	0	0.048907040308582	0.045118224939942	0.072050856013072	0	0.082395260033701	0.069839651254006	0.057551733663524	0.026609739008367	0.24469030228392	0	0.10228058663869	0.15821506444028	0	0	0.060909272149241	0.022	0.14433565773969997	1.0219056920347602
COLON147	0.17684340361339	0	0.17455906623309	0.033592812579559	0	0.061637954633883	0.13093720204196	0.17124348880246	0	0.04900200648685	0.046825764718005	0	0	0.014971118226254	0	0	0	0	0.046604104446572	0.093783078217972	0	0	0.187	0.0946294927478233	1.082333831236971
COLON148	0.060246700670988	0.20687604254298	0	0.027712447712402	0.13342716211663	0.022659218093209	0	0	0.010788068642011	0.055628388018131	0.067899355017734	0	0.014548155875047	0	0	0.14419813084771	0.031478704364487	0.044432832165006	0.16147490854035	0	0.01862988539331	0	0	0.3966883877573695	0.9174487121988761
COLON149	0	0.12820396541631	0	0	0	0.2019044708865	0	0	0.13188173728165	0	0.10737663078624	0	0	0	0	0	0.26265942855037	0.058938515966234	0	0.088877250303372	0.020158000809322	0	0.944	-0.0156	1.0875939860441957
COLON150	0	0	0	0.0059501501302004	0.20519975126101	0	0	0.12997457973787	0	0.083746579819958	0.048553654229181	0.11184853746224	0	0	0	0.002054395692612	0	0	0.34544115509007	0	0.067231196576853	0	0.643	0.03714710326648972	1.1118209123045946
COLON151	0	0.046108807963221	0.021684404998286	0	0.096326555048779	0	0.21647305004215	0	0	0	0.076490143412133	0	0.010417657472423	0.044646445499612	0	0	0	0.050485243473725	0	0.14756333971912	0	0.28980435237055	0.001	0.20400397800841438	1.0198920802916511
COLON152	0	0.087886721936623	0.10663874589974	0	0	0.23424220884139	0.15104827338714	0.091850349840669	0.10004733445806	0.10984198537421	0	0	0	0	0.022863103467013	0	0.024889236484233	0	0	0.04194336333863	0	0.028748676972293	0	0.22810659588133617	1.007474058819389
COLON153	0	0	0	0	0.083642665045258	0.096724445964501	0.10591877776297	0	0	0	0.11609619978224	0	0.086202373966073	0.2113242463055	0.010367284655831	0	0	0.021203693053214	0	0.071178044997071	0.024017882218486	0.17332438624886	0	0.31978787913709283	0.9578586057601228
COLON154	0.002953240490714	0	0	0.0014137483279609	0	0	0.19383554516262	0.052775820427035	0	0.027964433791875	0	0	0	0.15277313413331	0.014045228833424	0	0.037659692394886	0	0	0.36881906603765	0.039833466716551	0.10792662368397	0.869	0.003071994725707964	1.1476314987977594
COLON155	0	0	0.10670168611405	0.31009124507835	0	0	0	0.052839593351144	0.029874536886684	0	0.097254140321087	0.029526584566205	0.095950466330739	0	0.019943988057189	0.13155755824418	0	0.0038574711794087	0.092399915648787	0	0.030002814222166	0	0	0.4193719986584083	0.9080398734372828
COLON156	0	0.026636737467807	0	0	0.51453045486549	0	0.16159912891406	0	0	0	0.0005	0	0	0.082652056017442	0	0	0	0	0	0.120476369688	0.047042765058217	0.046560969314592	1.0	-0.1606	1.1856127099031424
COLON157	0	0.15641765802344	0.12233811893554	0	0	0.41186431499266	0.021791216038326	0	0.037787058716212	0.045577451351491	0.014822609589065	0	0	0	0	0.062327120819555	0.077555878331318	0	0	0.049518573202397	0	0	0.001	0.2130498899507124	1.0135709933453547
COLON158	0.085219266518785	0	0.072783852210903	0	0.0098429801594192	0.08964710775412	0	0	0	0.056621590047434	0	0.055054434555741	0.16816200143872	0	0	0.29257490591467	0	0	0	0	0.04026615136563	0.12982771003458	0	0.2619791254892816	0.9845443251760368
COLON159	0	0.25392802372813	0.0056248145595205	0	0	0.21117113169607	0	0.022859388225367	0	0	0.098458482057584	0	0	0	0	0.092009086585468	0.039737552996375	0.077604069875626	0.078801682852619	0.049053490391994	0.0559849760789	0.014767300952355	0.06	0.12755545329215912	1.0310917531586006
COLON160	0.1383136518058	0.030796780696095	0	0.11161901927305	0	0.13665903440628	0.013218965654253	0.078229890317339	0.043369264005803	0.0055490772734064	0	0.018652763130689	0.12182139166923	0	0.008207981259289	0.17041338918249	0	0.033217792558802	0.08877376616828	0	0.0011572325991928	0	0	0.37263470976716	0.9283980689499078
COLON161	0.044502343128233	0	0.026833271654293	0.035591688508045	0	0	0	0.044051194926174	0.0027525953916323	0	0	0.17314889488272	0.11168777181718	0.14201156191522	0.12671752578077	0.039732659168922	0.018034112032439	0.091663930734394	0.14327245005998	0	0	0	0.007	0.17161523220388253	1.0263965376395936
COLON162	0.0060068646492325	0	0.086667248262682	0.14006340966522	0	0.21497558325175	0	0	0	0	0	0	0.038459791635934	0	0	0.23229265663493	0.10184799201829	0	0.17968645388197	0	0	0	0.605	0.041709580572130554	1.058229562717069
COLON163	0	0	0	0.24181604815093	0	0	0.047272169724479	0.10786653422613	0	0	0.07460544483208	0.021337560388927	0.072313331260058	0.2234662857403	0.024698222613946	0	0	0.08800224197576	0	0.046718129172075	0.0081756689390676	0.043728362976239	0.498	0.052497706969257554	1.0760281493024832
COLON164	0.39318314133124	0.078068460478108	0	0	0.20129755441571	0	0	0.052009467904265	0.042526566269198	0.025942969359249	0.0023755501830215	0	0	0	0	0.042456008160083	0	0	0.16214028189913	0	0	0	0	0.3775241330749211	0.948377820060324
COLON165	0.017534848094162	0	0	0.076591760595017	0.11766475108776	0	0.27713001676154	0.03436119522826	0	0	0.13838573570174	0	0.040161162684458	0.14909455695729	0	0	0.037469614667022	0.11160635822276	0	0	0	0	0.71	0.02744250439655398	1.0769068933765855
COLON166	0	0.0798158382195	0.026975371251215	0.10470497718347	0.11389712686651	0	0.12365250951824	0.013121634048384	0	0	0	0.090786488984461	0	0.18026618215332	0.14438312580303	0	0	0	0.12239674597186	0	0	0	0.713	0.02697511789830059	1.0818163748939258
COLON167	0.11034228614278	0	0.13945561545388	0	0	0.21330766882	0	0.088835377132466	0.067129270399904	0.14488646549853	0.016547464355422	0	0	0	0	0.051404555449486	0	0.0037131245112609	0.12219912290449	0	0.042179049331775	0	0.062	0.12680803865312634	1.052946834923125
COLON168	0	0.11765552921388	0	0	0	0.25487100941816	0.097606987799824	0.061766934775071	0	0.013174312853953	0.023562116846889	0	0.040378875925258	0.0051095066313659	0	0	0.25669515222555	0.038481928790232	0	0.090697645519814	0	0	0.007	0.17192187008275808	1.0097571332470199
COLON169	0	0.029165702854504	0.010028116080431	0	0	0.16816208133019	0.080559363150044	0	0	0.069783956234661	0	0.0093759273877427	0.0233089236118	0.077698283894574	0	0.098430281292391	0.10892380322916	0.089828915116511	0.031816025975555	0	0.13203919940489	0.070879420437547	0.003	0.19680774282788632	0.9966878396111356
COLON170	0.1146633603897	0.064125224422347	0.07428179805273	0	0	0.033030480273039	0.097314068033605	0.17267939761329	0	0.079781995907623	0	0	0.014991391418672	0.071827431283833	0	0	0	0.15803224032357	0.0081998995908531	0.083581222598658	0	0.027491490092082	0.08	0.11938864177041207	1.038436697131738
COLON171	0.076836342123125	0	0	0.13292687343383	0	0	0	0.20162767814491	0	0.035865393120285	0.014174120489012	0.022662179435829	0.1721940886345	0	0.017418123680327	0.20714400661505	0	0	0	0.056229921845029	0.010474566498258	0.052446705979846	0.227	0.08921379986286933	1.050218397300583
COLON172	0.13603453192773	0	0	0.23488648005887	0.27424620991558	0	0	0	0.10857463414605	0	0	0.040166192733253	0.075275286474658	0	0	0	0	0	0	0	0.13081666474386	0	1.0	-0.1593	1.1994722810328988
COLON173	0.060087840149127	0	0	0.17654649605716	0.072718639704485	0.015739906616416	0	0	0	0	0	0.043297410498361	0	0	0	0	0.24328088932843	0	0.17188541480833	0.0098070831213454	0.11640580460461	0.090230515111737	0.961	-0.0233	1.0855014835779817
COLON174	0	0	0	0.090980582062496	0	0.13974208688517	0	0	0.11385444882141	0	0.26127277970529	0	0	0	0	0	0.10948334240832	0	0	0.15770905346478	0	0.12695770665253	0.98	-0.0322	1.1414659850483264
COLON175	0	0.034014066343209	0	0	0.10603845526966	0	0	0.25476937092591	0	0.1336319443616	0	0.079331876198948	0	0	0.048957074316138	0.053615429935113	0.20545607874248	0	0	0	0.084185703906949	0	0.693	0.030105935312547398	1.0853388858742954
COLON176	0.04252063943132	0	0.15689022946087	0	0	0.23212993679715	0.012278036958539	0	0.20212213528651	0.028453242947184	0.0014472027983497	0	0.0043845505716027	0.026343810949344	0.045157263283558	0.12844358908652	0.012371827745194	0	0.0079464667279422	0	0.099511067955905	0	0	0.2306885795691331	0.9988193744934772
COLON177	0.15699873489082	0	0.0055035088385828	0	0.28575234789798	0	0	0.026681667874659	0	0	0.073207048916584	0.070238075284206	0.033750448085975	0	0	0.054663982866497	0	0	0.18769444745089	0	0.10550973789379	0	1.0	-0.1218	1.1363512126361042
COLON178	0	0.098900385949121	0.064125575619069	0	0	0.14305435214445	0.1931080790203	0.18305708932998	0	0	0.11077427668688	0	0.025563248609124	0.0055076932581386	0	0	0.053364618679351	0.11810256193698	0	0.0044421187665979	0	0	0	0.32455871438203093	0.952862350952569
COLON179	0	0	0.037626043495096	0.066056295125191	0	0.082066531853778	0	0	0.16603107940966	0.05383411715111	0	0	0	0	0.05854479268798	0	0.50208239347536	0	0.033758746801827	0	0	0	0.381	0.06687765833674927	1.0709151712921303
COLON180	0.0078558027867884	0	0	0	0	0.046511316628202	0	0	0.018112804698799	0.067329125860408	0	0.028802219939901	0.22050035866579	0.21116281972121	0.02976925435393	0.21156558784199	0.0036124967820607	0	0.038188069052619	0	0.085840429436805	0.0307497142315	0	0.2858621093422716	0.9749406072063008
COLON181	0.024233015813663	0.014594915961608	0.004800814543163	0.22352971054658	0	0	0.042822331393831	0.18671848766251	0.0004	0	0	0.097810237391267	0	0	0.073955577328584	0.14753486412157	0.076852632584374	0.069672605691211	0.036336610163606	0	0.0007	0	0	0.32019978440533037	0.957048631873937
COLON182	0	0	0	0.26765374730452	0.089143723585649	0	0	0	0.024156648921864	0	0	0.046261027306859	0.051707755673451	0.10636581544145	0	0	0	0	0	0.29247325663277	0	0.12223802513344	0.867	0.003274989277854709	1.1334651607981616
COLON183	0.054298126554587	0.16018366482848	0	0.36539091322158	0	0	0.012224958443747	0.052238247308008	0	0.10710794284772	0.049191084630071	0	0	0	0.045228548026978	0	0	0	0	0.033926416597936	0.1202100975409	0	0.246	0.08650454864558302	1.0896212773288587
COLON184	0.10551727957029	0.017800209753237	0.037935141168495	0.11649028891508	0	0	0	0.13376979314563	0	0.070286812716029	0.020677163268854	0	0.068466219853695	0	0	0.16168692065986	0	0	0.19330793628335	0	0.074062234665471	0	0	0.3244672649512433	0.9488332847037818
COLON185	0	0	0	0	0.14908660499805	0.0021856648583454	0	0	0	0	0.13597985958304	0	0	0.20921383338696	0.059007344222815	0.056405386854375	0	0.0472807702484	0	0.10284083215088	0	0.23799970369713	0.001	0.21032834703086448	1.02174787403275
COLON186	0	0.068648810474059	0.052893773189691	0.038412171889506	0	0	0.1134924767375	0.14478389845877	0	0.014571445281636	0	0.07723957461666	0.10667025049197	0.094150725901991	0.01347985401088	0.16027339084646	0	0.099404632448861	0	0	0	0.015978995652017	0.271	0.0807928206746477	1.0425859793019856
COLON187	0.13774057812779	0	0.12208110854569	0.16638542334907	0.11288742494234	0	0.22475182329334	0	0	0.13919437924799	0.009277922281967	0	0	0.077095016799867	0	0	0	0.01058632341196	0	0	0	0	0.031	0.14060298866315477	1.051359944420847
COLON188	0.11488535280785	0.0005	0.11253228451471	0	0.01325553546928	0.021027461824278	0.11639156053792	0.13620600679077	0.02728760242302	0.12984637236028	0.047136373873286	0	0.036774979220743	0.078525924790115	0.06279872297789	0.10278839345931	0	0	0	0	0	0	0	0.3254890099920021	0.9519937645206328
COLON189	0.030760280886073	0	0.028237440733248	0.21980929349761	0	0	0.12864408588243	0.12421785606972	0.022236742837838	0.061300881496106	0.043345215781064	0.048541257420358	0	0.0015286494045196	0.023963312420043	0.041800440014207	0	0.11330987383625	0	0	0	0.11230466972054	0	0.35020870511771257	0.9471693686005268
COLON190	0.040785961277017	0.029246771223795	0.1111440739179	0	0	0.15489386302613	0.072787593248837	0.041894949692613	0.17161968906909	0.010982996350195	0.072891082221793	0	0.042465394602006	0.069759726430188	0.020164398861464	0	0.040396620096919	0.1073178953214	0	0	0	0.013648984660661	0	0.3078797050563462	0.9602266389872754
COLON191	0.17181545391998	0	0	0.22319126848921	0	0	0	0.025819226734997	0	0	0	0.030873244328454	0	0	0.074012521755397	0.14470697007504	0.098735628499762	0	0.20455307834123	0	0.026292607855931	0	0.801	0.015076105772418014	1.0705891373227583
COLON192	0.023827466352228	0.094873070815004	0.0058762729252761	0	0	0.18711314565276	0.052937334546861	0.088941588379585	0.03794292007054	0.14675443687485	0	0	0	0	0.068858141506788	0.079485448025798	0.10494706596655	0	0	0.10844310888376	0	0	0.016	0.15391557839085365	1.0244868882454348
COLON193	0.3134128664896	0	0	0	0.071600009346518	0.23749941855629	0.036285866691577	0.1214040746182	0	0.047905318645463	0.018525834482325	0	0	0	0	0	0.012274840754301	0.059347006390365	0	0.027326298453225	0.054418465572136	0	0.001	0.20532848407850968	1.0272978912551476
COLON194	0	0.10800719537059	0	0	0	0.02990147843524	0	0.053724517524087	0.06919374204167	0	0.23637588849589	0	0	0	0	0	0	0.19502282674511	0.063842344700921	0	0.2439320066865	0	1.0	-0.096	1.1354223491658109
COLON195	0.0032119909674715	0	0	0.070432801664921	0	0	0	0	0.054638846713581	0.075279380108359	0	0.028890454361681	0.0034690702711195	0.10334173042632	0	0.22940893079201	0	0.19511370695276	0.15309438971663	0	0	0.083118698025141	0.002	0.19821696117269097	1.005726106134976
COLON196	0	0	0	0.27062722235798	0.16694803388999	0	0	0	0.014761365376829	0	0	0.070025193548947	0.02558227333498	0.010390497414515	0	0	0.25005312346681	0	0.12423043171221	0	0.067381858897744	0	0.988	-0.0457	1.1102046856294467
COLON197	0.063737496443777	0.021425347404677	0	0	0	0.10721096192925	0.097760442458932	0.15853190891094	0.096604014300168	0.13603639911754	0.016556993101628	0	0	0	0.0067724347690992	0.030180314208221	0.086663756831031	0.14481789443696	0	0	0.0001	0.0335809696616	0.008	0.16674916172229398	1.0257761217151946
COLON198	0	0.13348936311802	0	0	0.23506867058693	0	0	0.019441197777083	0	0	0.13827879670879	0	0	0	0	0	0	0.04010798993913	0	0.20361007757006	0	0.23000390429998	1.0	-0.0984	1.1570279979909686
COLON199	0.14713729528278	0	0.10435538238305	0	0.11565136437759	0	0.13610980681499	0	0	0	0	0.15356323576758	0.019744644907837	0	0	0	0	0	0.32343827046618	0	0	0	0.752	0.021276460456096016	1.107793069545843
COLON200	0	0.047723715629709	0	0	0	0.039922838980409	0	0.018800090639348	0.063711336700823	0	0	0.079215587303064	0	0.21341393168518	0.021991808254109	0.12466244066915	0.083034155382152	0	0	0.24062556682769	0	0.066898527928361	0.044	0.13570818082278777	1.0577049410053332
COLON201	0.12460611468789	0	0.025655483904728	0	0.34095638032892	0.043612361433781	0	0	0.051124472754037	0	0.21668496665881	0	0.0067211062591243	0	0	0	0.046618575832182	0.0048702204292079	0	0.10008217729239	0.039068140418932	0	0.988	-0.0417	1.1337696032370612
COLON202	0.08228899770955	0.08941763056397	0.07090653043397	0	0	0.20938934419219	0.07760705911161	0.08201042876396	0.0051578726960907	0.041238482402541	0.028754048909884	0	0.029341256916767	0	0.063325606264927	0.029402787311294	0.067306981291689	0	0.050092812154731	0	0.073760161276821	0	0	0.30219106393444284	0.9597086400812043
COLON203	0.058843409919671	0	0	0.064099812888865	0.001	0.19012136466765	0	0	0	0.17819923803184	0	0	0	0	0	0	0.20138883130041	0.026224309742118	0.074397579148868	0.035045391603678	0.17069860711148	0	0.881	0.0001	1.0828241844441213
COLON204	0.20244444338559	0.10745864965754	0	0.073108897782964	0	0.15140626584426	0	0.072092886480002	0.015261049642476	0.059656725414694	0	0	0.035860160712889	0	0	0.047722465031487	0	0.08180309032232	0.15318536572577	0	0	0	0	0.4089292747433451	0.9135257998984171
COLON205	0	0.14127475990183	0	0.28237539245826	0	0.037986974101867	0.21740262894071	0	0.031549998276266	0	0.079481259363217	0	0	0	0	0	0.18997520271138	0.0033593018441633	0	0	0.016594482402304	0	1.0	-0.095	1.1356265073439256
COLON206	0.26910556325233	0	0.12155340221433	0	0.24136444956073	0.15057514623383	0	0	0.062653005596437	0	0.062595074854425	0	0	0	0	0	0.043456000600844	0	0	0.04869735768707	0	0	0.794	0.015906990175036197	1.1346641798339896
COLON207	0	0.0068590288596122	0.035998692755486	0	0.060922538220479	0	0.19961053766817	0.10349641527598	0	0	0.18341422496619	0	0.091263849007633	0.02341602762927	0	0	0	0.12901084098888	0	0.1660078446283	0	0	1.0	-0.1029	1.1336253962807832
COLON208	0	0.092989000185098	0.1353801924537	0	0.34849930692166	0.063002165093325	0	0	0	0	0	0.041198669595331	0	0	0	0	0	0.1308808270517	0	0.1661524394394	0	0.021897399259782	0.988	-0.0444	1.1315505431672335
COLON209	0	0	0	0	0.11835655570274	0.062543248572326	0	0	0	0	0.092011396862447	0	0.050726985917168	0.14076307816034	0	0.049376517726577	0	0.044184841952858	0	0.1863826169267	0.013873686071848	0.241781072107	0	0.3363035377091992	0.9574223787881858
COLON210	0.022109966831028	0	0.012859258636743	0.14182866505134	0	0	0	0.060581804211943	0	0.080165569203255	0	0.0004	0.12282514047302	0	0.043984148081087	0.12055537067856	0.10832708417629	0.026808799373405	0.25957025811729	0	0	0	0	0.31044914059998996	0.954140511094357
COLON211	0	0	0.027963970795804	0.11428743735687	0	0.062250106555762	0.028527171898837	0	0	0	0.057472280576228	0	0.21209538160691	0.017300065604271	0.0018132720843314	0.14624857775283	0.028348349112408	0.019298827283264	0.056554087210415	0.0076476878266951	0.11386634447742	0.10632643985795	0	0.38062447542671385	0.925263457661136
COLON212	0.2862989150778	0	0	0	0.16206506248647	0.059485791677607	0	0.073358573405309	0	0.099265353059561	0.012861347084005	0	0.051610542989729	0	0.0017519694733974	0.17013258319364	0	0.03814103658441	0	0	0.045028824968069	0	0	0.3118850801687206	0.9616235365354961
COLON213	0.17944361963576	0	0.060573849634408	0	0	0.25055633471368	0.060181321753733	0.15545742981095	0	0	0.046553898436027	0	0	0.025550057773107	0.040937811128572	0	0.005090769749134	0.079155059848518	0.096499847516107	0	0	0	0.684	0.031914133711688865	1.0836229289503807
COLON214	0	0	0	0	0.049337542891535	0.091532226047061	0	0	0	0	0.015916167227161	0	0.12869802462015	0.13889291454863	0	0.048855252363572	0	0.011415459883018	0	0.11846703063548	0.052501807361881	0.34438357442151	0	0.38269751355968157	0.9473452941460928
COLON215	0.082477639530117	0	0	0.30619367978006	0.28522471781578	0	0	0	0	0	0.0074279350079392	0	0	0	0.0074381325647104	0	0	0	0	0.086687165816153	0.22455072948525	0	1.0	-0.1448	1.189338940441289
COLON216	0.080976758490537	0	0.072555920076883	0	0.12035895434731	0.13338454987947	0	0.021490403515959	0	0.036404769034048	0.093302815151885	0	0.049556077256744	0.037097771293617	0	0	0.14113450041454	0.1063394929638	0.1073979875752	0	0	0	1.0	-0.0865	1.1004533799678677
COLON217	0	0	0.0010413284953832	0	0.062320915302481	0.085950879743445	0	0	0.041726954557422	0	0.0056964947944035	0	0.032844765658579	0.29518644623124	0	0	0	0.13174516917892	0	0.14979076769773	0.083004314100154	0.11069196424024	0	0.3280245472342649	0.9584600277677188
COLON218	0.091795315175118	0.097745862722489	0	0.12727051373329	0	0.18153963878721	0.0038303166714458	0.0078847070909145	0	0	0.032340424538304	0	0.044300466538611	0.032304491643681	0	0	0.17257878292447	0	0.18824987863094	0	0.020159601543542	0	0	0.2241883384159806	0.9902264674777643
COLON219	0.019498503365323	0	0.06959296603712	0.073717072707281	0.0087653413689643	0.0088062400844013	0.086683398386832	0	0.013628787210493	0.076356086516142	0.043913870714801	0	0.093432710933246	0	0.021569340302579	0.10250079977431	0	0.091343012116394	0	0.074553645356252	0	0.21563822512586	0	0.4105593439341928	0.9126981216136267
COLON220	0	0	0.014266052774048	0	0	0	0.1703757450202	0.11642895620186	0.042391849024924	0.11632311052319	0	0.048692187467689	0	0	0.055446125869126	0.19581690127396	0.060973337308781	0	0.14082216092573	0	0	0.038463573610491	0	0.4003718817537422	0.9156500721577008
COLON221	0	0.1698863338927	0	0	0.09669587766053	0.064778355217934	0	0.0098640359512908	0	0	0.17107313496911	0.0009	0	0	0.051887296340615	0.027432198767866	0.15030544874615	0	0	0.13326085415067	0	0.12390513284957	0.98	-0.0326	1.097100268595808
COLON222	0.089395136904697	0	0.027197772200619	0	0	0.29374735658573	0	0.067992141255498	0	0	0	0	0	0.11489879674843	0	0	0	0	0.29525918895368	0.11150960735134	0	0	0.403	0.06387773745514486	1.0868039782693784
COLON223	0	0	0	0.072691824656128	0	0.007764753786548	0.18797078797682	0.048057080125345	0	0	0.05030633956139	0.015033806287241	0.016922048690533	0	0.089072398120928	0.043239041372819	0.31233775723163	0.029083758075272	0.06352017785709	0	0.064000226258256	0	0	0.32985042177651264	0.9457122636392642
COLON224	0.17140710481371	0	0	0.20706776398746	0	0	0.092824847249913	0.16572319044613	0	0.061209092783247	0	0	0	0	0.044719512238823	0.013948969604059	0.1486070823328	0.052693370776634	0	0.0069167149205452	0.019997172595864	0.014885178250803	0.904	-0.0036	1.093089479218584
COLON225	0	0	0.048767583959229	0.085709100732664	0	0.004979073951355	0.10848131209882	0.14270778304657	0	0	0.1649679810201	0	0.086622582491013	0.064094107959859	0.016402934191551	0.027932567015248	0.010965998861717	0.16220307830401	0	0.042108585304083	0	0.03405731106378	0	0.24518353820959482	0.9857830756955666
COLON226	0.02212406694204	0	0.045731952680776	0	0	0.18677186006716	0.17159303557585	0.011888291080258	0.033976277310991	0	0.056973612791728	0.010860232882464	0.024964366208446	0.038812563025788	0.097129860403324	0.085015736128301	0.075952560004222	0.023377374896438	0.11482821000221	0	0	0	0	0.4131087574025964	0.9107406896037302
COLON227	0.13403487701517	0.17620547411788	0	0.019153564179811	0	0.12282767970479	0	0.18654689355125	0	0.044722739411956	0.094825988760567	0	0	0	0	0.10479299379118	0	0	0.051197823806615	0	0.065691965660784	0	0	0.30690580907841125	0.9670998232726629
COLON228	0	0	0	0.018700782150552	0.024851352063064	0	0.35829650685424	0	0	0	0.06390820522744	0	0	0.15380817963992	0.040283308534375	0	0.17925978403024	0.041321366534115	0	0.11957051496605	0	0	0.981	-0.0339	1.0980146508217639
COLON229	0.01691148810981	0	0.066602280884811	0.0035820742339066	0.069068534437424	0	0.037090697972676	0	0	0.11721685883428	0.0050194775107445	0	0.16428641827925	0	0.0010068983309701	0.17056546313037	0.010014004486872	0.0082856710622391	0.17907428400443	0	0.15127584872222	0	0	0.25296429287374295	0.9776233632381863
COLON230	0	0.020033294936579	0	0	0.26946179236366	0.0064871734388917	0	0	0	0	0.061793963206211	0	0.19275401399408	0.078854558844148	0	0.1133579826425	0.10811080051303	0	0.022610108576665	0.04309540201985	0	0.083440909464377	0.126	0.10609582284905666	1.0414719276244484
COLON231	0	0	0	0	0.088769308999478	0.10028193947525	0	0	0	0	0	0.035673225149862	0.068859956447718	0.13426757342944	0	0	0.12476676768698	0.15289316571635	0	0.11966352237884	0.064072410272798	0.11075213044328	0	0.2879305766134095	0.9689241863471206
COLON232	0	0.064751794304338	0	0	0.25208454453057	0	0.062393339571215	0	0	0	0.0012862100721489	0	0	0	0	0.052410042749895	0.049845991215595	0.21362711542976	0.2380740777367	0	0	0.065526884389775	0.99	-0.0484	1.099434329786264
COLON233	0.043837048893472	0.0029097814302633	0.075296957053236	0.22696784113576	0.072768758653527	0	0.11479779924496	0	0.084686230169736	0.010392298211094	0.17913456612563	0	0.05435549552281	0	0	0.02872323094778	0.080350256921975	0.011156912023968	0	0.014622823665784	0	0	0.02	0.14818653977164725	1.0449716730673049
COLON234	0	0	0	0.045197284230445	0.10345693570339	0	0.26544621840466	0	0	0	0	0.14704639269326	0	0	0	0	0.31203098120235	0	0.12682218776589	0	0	0	1.0	-0.1459	1.1491848140008558
COLON235	0.05361346397654	0	0.065166875886109	0	0.20785515481752	0.025803321084368	0.04593981656141	0	0.12689652388274	0.05882377915659	0.20940039734025	0	0	0	0	0	0	0.045651835710262	0	0.088164132044754	0.072684699539457	0	0.599	0.042178596991359174	1.0948454943948667
COLON236	0	0.14718363879613	0	0	0.38580549271555	0	0	0	0	0	0	0.024491676514422	0	0	0.054182967348574	0	0.22434197830196	0.024638846550115	0	0.045068605194671	0	0.094286794578576	1.0	-0.1588	1.1499974019908958
COLON237	0	0.16835294884916	0	0	0.010378742845059	0.010267037398096	0.22314641521051	0	0.020751247640896	0.12435145270242	0.046358599448301	0	0	0.01634388492331	0	0	0	0	0	0.38004967098225	0	0	1.0	-0.1532	1.2233317574672826
COLON238	0.039054847854127	0.018938947814061	0	0.11683420116061	0	0	0.10829294531075	0.098553627586132	0.010082891716325	0.036480507570357	0.026328949157488	0	0	0	0.072032443125194	0.22549582304337	0.023801988321253	0	0.085532633209105	0.045385741130446	0.093184453000783	0	0	0.2337721680484805	0.9836015060617546
COLON239	0	0.14933411227281	0	0	0.068127893974526	0	0	0.051651323229069	0	0	0.014144806920812	0.022329612437154	0.080171107597303	0	0	0.089994018212471	0.27122105024438	0	0	0.029963958283707	0.18525365388937	0.037808462938402	0.182	0.09515475399406223	1.0414000602666948
COLON240	0	0	0	0	0.097429063131255	0	0.45935640745962	0	0	0	0.14502018195657	0	0	0.04000146606144	0	0	0.079254635701869	0.15132734346292	0.011847455996604	0	0	0.015763446229726	0.919	-0.0089	1.0987228035431484
COLON241	0.12952415278231	0	0	0.044307883016472	0.018090129088202	0	0	0.037322194623122	0	0.042711456031145	0	0.06020802042348	0.083437873665791	0.01403848332781	0.081232163848963	0.2034992113851	0.10224543000932	0	0.15676209228172	0	0.026620909516568	0	0	0.2970153349015153	0.9586795211618829
COLON242	0.1593196836532	0	0.036788564377221	0	0	0.15887532354188	0	0	0.11471969572747	0.0045316629318249	0	0	0	0	0	0.17727534198983	0.13717507378839	0	0.14256533874419	0	0.068749315245993	0	0.372	0.06794173245843683	1.0471717038492452
COLON243	0	0.027281778048127	0.040551604652607	0.1303228792574	0	0.1768299706102	0	0	0.11045060951451	0	0	0	0.080115872832058	0	0	0	0.28950023127319	0	0	0.14494705381192	0	0	0.546	0.0481373079690884	1.0667276959994325
COLON244	0	0	0	0	0.010465402788932	0	0.57586309215126	0	0	0	0.017938705623398	0	0.21705029778693	0.12627606870844	0	0	0	0	0	0.052406432941037	0	0	1.0	-0.1516	1.1503953941305585
COLON245	0.12979826194142	0.015006223413108	0.020375260864944	0	0.1126457564596	0	0.057068378801827	0.17849494946383	0.054473295255089	0.027254308158589	0.15665434816255	0	0	0.12379338021284	0.045143881122644	0	0.015906190554029	0.02494326874726	0.0011944940005677	0.037248002841701	0	0	0.005	0.1804679217817684	1.0209649692839506
COLON246	0	0.12146271358386	0.0012268019556299	0	0	0.19100651199468	0.19446009627825	0.0082885128301531	0	0	0.10942371280057	0	0.061354003146556	0	0	0	0.05174080427097	0.034644370673135	0	0.15502553333891	0.067536806495136	0.0038301326321512	0.693	0.030048967749429483	1.0698445850855032
COLON247	0	0	0.081431614352581	0.34568913784796	0.042804648556943	0	0	0.0312875996437	0.006255127018886	0.029953454978851	0	0.092674819863885	0.034683385306838	0	0.043907385536424	0.1287145067503	0	0	0.16259832014363	0	0	0	0	0.2665737872530773	0.9847252699449066
COLON248	0	0.090192491901394	0.016897619856548	0	0	0.15426833911555	0	0	0	0.03841388534199	0	0	0.1463839221972	0.13675351901964	0	0.010217440343126	0	0.003007193339517	0	0.13810098169598	0	0.26576460718906	0	0.3020838510414344	0.9775747235589134
COLON249	0	0	0.086498758195484	0.28771677058426	0	0	0.013650405219269	0	0.046500791894196	0.024694404554049	0	0.069925651074478	0.072599371563145	0.049997394739517	0.016753253161682	0.16123994266483	0	0	0.17042325634909	0	0	0	0	0.2583617909929352	0.9809140634943346
COLON250	0	0	0	0.20793323645148	0	0	0.12145769690029	0.12702723174426	0.052708067224668	0	0	0.085181404485134	0.079802842261772	0	0.064733966010891	0.13191845184145	0.049360000040774	0.017937847098203	0.039100726570239	0	0	0.022838529370831	0.003	0.18833605972051728	1.013511229646175
COLON251	0.26830998233038	0.014450950922533	0	0.0046797668732812	0	0.20325731411579	0	0.1110911353265	0.10080704118208	0	0.10787364063757	0	0	0.016819036390376	0.017687038993679	0	0.049396863780786	0.033879068188363	0.023282314019568	0.037725468635861	0.010740378603243	0	0	0.27558670869788854	0.9861200408578491
COLON252	0.071557727198293	0.12985909556011	0	0	0.14032827894589	0.040235772002506	0.18640408554977	0.062420077117046	0	0.069225162027502	0	0	0	0	0	0.07502053537217	0.0096756814484188	0.051155167114702	0.13221656043662	0	0.031901857226963	0	0.01	0.16461062527807838	1.0142479403450402
COLON253	0.039022867031533	0.091189270097745	0.049154336498207	0	0.070188202687073	0.2966048535609	0.060317173981602	0	0	0.0046292251464139	0	0	0	0.069861168400143	0.09565955167714	0	0.0057194037729424	0.095658954720385	0	0.071606782120202	0.050388210305712	0	0.036	0.1394367567361623	1.0352778401139666
COLON254	0	0.17657242319073	0	0.030376046440088	0.27652932555647	0	0	0	0	0	0.0074149620067002	0	0	0.2670510942255	0	0	0	0	0	0.17471484000935	0.016529216090352	0.050812092480805	1.0	-0.1224	1.15551707048139
COLON255	0	0.036923782153597	0.019375292655657	0.06266084546417	0	0.021777956274812	0	0	0	0	0.04056154066579	0.022267349962525	0.20894988198496	0.11022651550931	0	0	0.30106413198328	0.052283807193426	0	0.073827810762578	0.018915728004871	0.031165357385022	0	0.3132668952800262	0.956227736407559
COLON256	0.077214048803743	0	0.083486920390927	0	0	0.41125954846885	0.098292659390748	0	0	0.12962728574537	0.013546112349646	0	0	0.13299392893106	0	0	0	0.05357949591965	0	0	0	0	0.794	0.01579468850632556	1.099387279475238
COLON257	0	0	0	0.19535602976945	0	0	0.041966801028346	0.15797263888841	0	0.014478898538898	0.023721824459325	0.032714911979692	0	0	0.085334049814881	0.087456087777539	0.022050529815799	0.0016966776693338	0.038321222658152	0	0	0.29893032760017	0	0.35730872597888114	0.9484243015341651
COLON258	0.042967741868823	0.043105831573553	0.019820560635206	0.2670378816302	0	0	0.023673444413038	0.13751984333672	0.0035057976789869	0.13552756514335	0	0.014793364975638	0.018344274712457	0	0.030095569539228	0.12019766150687	0	0.035320712047603	0.10808975093832	0	0	0	0	0.3798017493966083	0.9297413584500364
COLON259	0	0.10138525378793	0	0	0.3366934319721	0	0	0	0.075116894559799	0.096022168900543	0.027003599154116	0.066935412037145	0	0.021445466171409	0	0	0	0.038109403635495	0	0.12198472540988	0	0.11530364437158	1.0	-0.1117	1.160648031187887
COLON260	0	0	0	0	0	0.61236256150747	0	0	0	0	0.0022012219602317	0.082676976239285	0.12414642087637	0.080909103302081	0	0	0.035925489585282	0.028108318063938	0.033669908465341	0	0	0	0.963	-0.0252	1.1340544148733978
COLON261	0	0	0.10445323039765	0.12130897720818	0	0.20319589751439	0.041387990782545	0	0.15920517724607	0.020255783052702	0	0	0	0.03568402480271	0	0	0	0	0.22331697266923	0.036509979902833	0.054681966423705	0	0.202	0.09302705806422931	1.0652623197581663
COLON262	0.14767364681214	0.25919390967366	0	0.045811774058876	0.073764603230252	0.091369370703972	0.15716438568207	0	0.020526683703802	0	0.074420581279635	0	0	0	0	0.0047487243887642	0	0.030015061034344	0.095311259432488	0	0	0	0	0.35830848050436087	0.9447612314434018
COLON263	0.13414989596993	0.21142347313904	0	0	0.17274315061898	0	0.014536220806682	0	0.064982692016313	0.026784009620906	0.11823799905574	0	0	0	0	0	0	0.0008	0.20833024584107	0	0.04806122514459	0	0.001	0.20315850832155385	1.0205784138257894
COLON264	0	0	0	0.23090155146055	0	0	0	0	0.18922334448793	0	0	0.15226180852511	0.010108711451624	0.41750458407479	0	0	0	0	0	0	0	0	1.0	-0.232	1.254041394148768
COLON265	0	0.21486725681843	0.034238802691281	0.040719866248047	0	0.19469019182438	0	0	0.23383976014771	0.01463431034865	0.13629047021485	0	0	0	0	0	0	0.0064941884016824	0	0.1006875908036	0.023537562501375	0	0.401	0.06423854550241866	1.096129032646203
COLON266	0.054394990558592	0.06505402321355	0	0	0.28802674167136	0.036163141965268	0	0.015288639769975	0	0	0.017029991962384	0.075855140272327	0	0	0	0.1447503567103	0.13205017929577	0.067106614953266	0.1042801796272	0	0	0	0.432	0.06113292989510372	1.0539640913946402
COLON267	0.029270098077297	0	0.073160742468533	0.081820395990448	0.044854851145741	0	0	0.19230726458391	0	0.013850870575537	0.18732095065349	0	0.0037958010976779	0.094418141064663	0.015478872037913	0	0	0.046082980895925	0	0.07800332416409	0.0020441770177513	0.13759153022703	0	0.24913143934009957	0.9921367652594462
COLON268	0	0.2222285921939	0.048184484571532	0.11089884779538	0	0	0	0.094255776246252	0	0	0.13059017487751	0	0	0	0	0.16021842472654	0	0	0.2336236995889	0	0	0	0.9	-0.0023	1.0922159026220368
COLON269	0	0.084459109119668	0.0084854760316993	0.093009244510013	0	0.074279800023478	0.027241630987042	0.020026134705072	0.056474944176354	0.040128720351431	0	0.035780926076085	0.073901647311633	0.068276691294043	0.062314023084197	0.026124945587327	0.15726971032521	0.031530725621222	0.14069627079553	0	0	0	0	0.2712748944639465	0.966947756832288
COLON270	0	0	0.099218565307078	0.033536263920859	0	0.11720530967932	0.29658732481087	0	0	0.14704042710139	0	0	0.14646551949202	0	0	0	0	0	0.034067227502037	0	0.03895019767548	0.086929164510941	0.633	0.037996402087397796	1.0705418061794139
COLON271	0.15646339347294	0	0.15414826225176	0	0	0.07185665908862	0.098546139924114	0.017463223721225	0	0	0	0	0	0.080476481653094	0	0	0	0.086141988722809	0	0.25965478668142	0	0.075249064484009	0.414	0.06210611034052168	1.0937467770585105
COLON272	0	0.018102095971573	0	0.0024942440968182	0	0.025101081285891	0.037876156602658	0	0	0	0.098751418048511	0	0.065408082989382	0.036797516816509	0.051149734993206	0.059224276592373	0	0.14128508691626	0	0.1659897924618	0	0.29782051322501	0	0.3307183872475353	0.9682752169400914
COLON273	0	0	0	0.14780399250892	0	0	0.0099681512373745	0	0.10756737483856	0	0	0.051494370489237	0.012553995329021	0	0	0	0.10301085917956	0	0.33268586102532	0.015791721291422	0.21912367410058	0	0.788	0.017019486165024994	1.0970734134847564
COLON274	0	0	0.095719978002201	0.013700584972837	0	0.14225999276355	0.01622705656344	0	0.079737486734309	0	0.16929337117866	0.039400517095191	0.080971004490094	0.098334858652867	0.087101479529324	0	0.13291782968745	0	0.044335840330076	0	0	0	0.208	0.09133925498129769	1.0479529302352515
COLON275	0	0.050575390419258	0	0.074534248655559	0.052419301790608	0.23967656403174	0	0	0.031853542392607	0	0.15520556290687	0	0	0	0	0	0.16134377202108	0	0	0.23439161778229	0	0	1.0	-0.1746	1.1859851038883384
COLON276	0.11911889992668	0	0	0	0.22430146681191	0	0	0	0.019678301259339	0	0.083277799044529	0	0	0.03383354223254	0	0	0.042841259898915	0	0	0.3838908680594	0.093057862766691	0	1.0	-0.0957	1.183932441459212
COLON277	0.039780491728098	0.15946813724529	0.012999394483158	0.23133177943073	0.0014782869233362	0.013623029079638	0	0.20816375777869	0	0.047725554550543	0.0073157307466377	0	0.03988572976737	0	0.01131636876126	0.11914680742453	0	0	0	0.10776493208071	0	0	0	0.24133771738639034	0.9972122209097732
COLON278	0	0.027924347236478	0.078304142373896	0	0.004000573903	0.063443908463313	0.023557438741914	0	0	0	0	0	0	0.24987406362916	0	0.28110879470066	0	0	0	0.15495647625051	0	0.11683025470107	0	0.2936129406698215	0.9816617096700899
COLON279	0	0.15902211616977	0.21942229376643	0	0	0.18597357455693	0	0.11901994950383	0.066983849694943	0	0	0.027941919645956	0.025008600494257	0	0	0	0	0.16587417848393	0.017480008284757	0	0	0.013273509399194	0.003	0.19106161450926537	1.0422357176986234
COLON280	0.14012321236585	0.067978379915761	0.023439890247918	0.13569264764519	0.020435355527906	0	0	0	0.062812783401413	0.057247045917333	0	0	0.04346724365037	0	0	0.20866253050823	0	0	0.16034717779304	0	0.079793733026996	0	0.003	0.1937792321595149	1.0042510760195718
COLON281	0	0.0094261621972247	0.090306966450325	0	0.35691870779121	0	0	0	0	0	0.12535597925118	0.013254043440387	0	0.17994041421759	0.018012261057237	0	0.11771590919601	0	0	0.0068114552905851	0.082258101108246	0	1.0	-0.0648	1.1123181176131525
COLON282	0	0.033926051594823	0.19413202303366	0.023262822015787	0.044882723396008	0	0.48506924035276	0.076833607251317	0.020488949845932	0	0.0055658098685014	0	0	0	0.0001	0	0.11576732937962	0	0	0	0	0	0	0.312986363775319	0.9657740870980235
COLON283	0	0.047644680640045	0	0	0	0	0.0053051356995409	0	0	0	0.23541998094571	0	0.075344432396024	0.050313790383473	0	0	0	0.052419292929132	0	0.25325153915147	0.0064592244523455	0.27384192340225	0	0.22406524070893202	1.0397499368797156
COLON284	0.09500395085186	0	0.023624539116567	0	0	0.44910996192754	0	0	0.033882075801166	0	0.22755176993484	0	0	0	0	0	0	0	0	0.17082770236803	0	0	1.0	-0.1327	1.1988543017525635
COLON285	0.11345099273635	0.0053655674326631	0.066601986107525	0.23897106115094	0.05914516963262	0	0	0	0.14751224657957	0.082434693121537	0	0.016787954123271	0.012210552483905	0.079981824091021	0.0096317723347654	0.043428390588888	0.060473565021728	0	0	0.064004224595214	0	0	0.002	0.19951450141726088	1.0176313868402889
COLON286	0	0	0	0.17192779876303	0	0.03380649214002	0	0	0.08821069955785	0	0	0.040605472062199	0.071920831791642	0	0.048937665675168	0.14380365701727	0.13038700706829	0.055694071011182	0.15200370769273	0	0.062702597220614	0	0	0.3852081625071125	0.9220948636990212
COLON287	0	0	0.14272865708034	0.21116557342056	0	0	0.012890233109717	0.026392661300416	0.032819927384683	0.056936569788928	0	0	0.068028516171644	0.038644183759502	0.01641080868728	0.10628132824254	0.020187652612791	0.05172191294208	0	0.12015693819669	0	0.095595021310448	0	0.3920512124980935	0.9204123210166318
COLON288	0.18440797620552	0	0.14978008221305	0.024191250897365	0	0.1329912570508	0	0.01259629131281	0	0	0	0.049826141104021	0	0	0	0.06260984875024	0	0.082178383748665	0.28124990642286	0	0.020168862294678	0	0.121	0.10811373670525537	1.0612094081401837
COLON289	0.004539574593764	0	0	0.11547406154569	0	0	0.041928622009698	0.057641677462409	0.15562206785675	0.094003006455517	0	0.012073905987175	0.17545232062409	0	0.078891945176935	0.19555731280217	0.033746178806572	0	0.035069326679224	0	0	0	0	0.33009564984935924	0.9489405160421548
COLON290	0	0.15568765893237	0	0	0.3268483512415	0	0	0.070599225203961	0	0	0	0	0	0.27813395034071	0	0	0	0	0	0.16873081428146	0	0	1.0	-0.1541	1.1773190281568437
COLON291	0	0	0.12854051510448	0.071028308920714	0	0	0	0.052115903714911	0.11373146270972	0	0	0.016596482533722	0	0.08646872996304	0.058373010878908	0	0.21659598536263	0.018012291285165	0	0.17909195040906	0	0.059445359117647	0.768	0.019986964163966205	1.0793398674490144
COLON292	0	0	0	0	0.44810477812555	0	0	0	0	0	0.15892406120276	0	0.045083592778505	0.16370465478476	0	0	0	0	0	0.18418291310843	0	0	1.0	-0.2257	1.2133049200048793
COLON293	0	0.013014730619717	0.043238716574836	0.080015774297651	0	0	0	0.154098657441	0.05817134047262	0	0.14566585687632	0.0026123311364119	0	0	0	0.16427911140899	0.089922516625614	0.12106506404588	0	0.091771863749554	0	0.036144036751416	0.569	0.04592676436470792	1.062494329456861
COLON294	0	0.22752063381182	0	0	0	0.21548391988484	0	0.15621622711518	0	0	0.21009283616474	0	0	0.064949910803106	0.039640768033782	0	0.046618946347829	0	0	0.039476757838699	0	0	0.902	-0.0033	1.1091387482282047
COLON295	0	0.025964797001504	0.067822638298176	0	0.187860255288	0.21828788799085	0	0	0.14817188496849	0	0.13442681776009	0	0.0302169246964	0	0	0.070869444305208	0	0	0	0.11637934969128	0	0	1.0	-0.1254	1.168626765770291
COLON296	0.037292194668254	0	0.078301660674034	0.13242790604136	0.040002954657179	0	0	0	0	0	0.071886889571559	0.0026930751285982	0.12010386365643	0	0.022150477813485	0.23718431530364	0	0.067788894731676	0.020451221257123	0.050238468201327	0	0.11947807829533	0	0.3144746509419255	0.9541539269490925
COLON297	0	0	0.0078914565278796	0.25350302635298	0	0	0.11632859588009	0.030009884633516	0	0	0.0063379909984543	0.054677202987655	0	0.11439617084729	0.020730212606781	0.18023996475251	0	0.047268119638924	0.12250103943938	0	0	0.046116335334545	0.007	0.17711124552951601	1.0104115693503806
COLON298	0.051382414576992	0	0.10037209587418	0.057541549546681	0.23453604800037	0	0	0	0	0	0.11147344850744	0	0	0.069134640795636	0	0.14525570261729	0	0.04339037248366	0	0.17103117402885	0.015882553568894	0	1.0	-0.0895	1.1228186363056762
COLON299	0	0.018325736182167	0	0.30946717425182	0	0	0.015894155384878	0.17406448920587	0	0	0.069174325269671	0.061079127979901	0.024850284931675	0.021379188974343	0.059852296115793	0.060901892939141	0.098527752971546	0	0	0.010452588852309	0.012417464271304	0.063613522669582	0.095	0.11417803311242357	1.0614267820530738
COLON300	0.088971398423967	0	0.18831385852043	0	0	0.19192008464169	0	0	0.019568904933052	0	0.17782832988069	0	0.063871835430421	0	0	0.10634733659841	0	0	0	0.1249698911633	0.038208360408043	0	0.044	0.13555395701207676	1.0481284948961176
COLON301	0	0.0096385312194951	0	0	0.15918599848469	0	0	0	0	0.0035824697197802	0	0.087008241978262	0.04672270818123	0.19586803787831	0	0	0	0.054389888882861	0	0.10884262019579	0	0.33476150345959	0	0.2938684557325965	0.9957858639006364
COLON302	0.11660466030109	0	0.099964660589098	0	0	0.22485390401783	0	0	0.053453335595545	0.036383584742804	0.034727819223085	0	0	0	0	0.1883894643735	0	0	0	0.051204688299209	0.19441788285784	0	0.047	0.13486883857222978	1.0322189852192503
COLON303	0	0	0	0	0.19252212774899	0	0	0	0	0	0.081361616806969	0	0	0.15852048035056	0	0.022869991246598	0	0.15582043656334	0	0.11290979940307	0	0.27599554788047	0.203	0.0922956566753876	1.0810000186094009
COLON304	0.18454779541178	0.021630668357349	0	0	0	0.10977452585148	0.2971164700643	0.063804657765469	0.0065271444223044	0	0.033968570449671	0	0	0	0	0	0	0.041849463739672	0	0.19814952704223	0.042631176895743	0	0.872	0.00219048495333062	1.100141248967304
COLON305	0	0	0	0	0.10991522975768	0	0.19952336001099	0	0.013534127653518	0	0.063663490895419	0	0	0.13811418168471	0	0	0	0.056543685173317	0.29620139556513	0	0.12250452925925	0	0.942	-0.0151	1.0877590576753327
COLON306	0	0.016507297823315	0	0.24796556755181	0	0	0.073787616346839	0.19543661705115	0.0040962305780308	0.094175287927819	0	0.10318171239674	0	0.0042549966686372	0.041976036460651	0	0.12712320216029	0	0	0	0	0.09149543503472	0.001	0.22033169659216795	1.0223529493024286
COLON307	0.13832763985127	0	0.05199696540572	0.038573322575916	0	0.14087415197854	0.042095079190904	0.17432175672015	0	0	0	0.054252893201123	0.044641190930111	0.027584031736201	0.037738969358284	0	0.12129571235934	0.047532011215993	0	0	0.045536640993652	0.035229634482793	0	0.24945824040667522	0.9826474405682588
COLON308	0	0.070352954316007	0.093026655975088	0.055471504087612	0	0.3804669562581	0	0.026483243330148	0.039428814300054	0	0	0.12862163883116	0	0	0.058797944611588	0	0.10573141352408	0	0.041618874766161	0	0	0	0.242	0.08739101541541479	1.07585278798055
COLON309	0	0	0	0	0.21039241851126	0	0	0	0	0	0	0.06519012762511	0.25842533506731	0.38802227411822	0	0	0	0.021705720106881	0	0.056264124571233	0	0	1.0	-0.0771	1.1518504029231147
COLON310	0	0.081442477601366	0	0.16570589511028	0	0.063921194974045	0	0.21006550070584	0	0	0	0.06509948111556	0	0	0.13667835867587	0	0.017897661162879	0	0	0.045921831920845	0.21326759873331	0	1.0	-0.1486	1.1734452664863633
COLON311	0	0.059163963670703	0	0	0	0.5071353762082	0.17622056272558	0	0.014180888876533	0	0	0.013034093054417	0	0	0	0.15137714480118	0	0	0	0.078887970663383	0	0	1.0	-0.0898	1.1454381658921426
COLON312	0	0	0	0.18184642635446	0.14313221802675	0	0.16848489204007	0	0	0	0.065588527133679	0	0.067099699218058	0.18036179013377	0.03732307484146	0.080400071136482	0	0	0	0	0	0.075763301115269	0.71	0.027718816201139015	1.0785156291301192
COLON313	0.087792460622647	0.17963535514506	0.026389202295075	0	0	0.17274258118257	0.092458275125575	0.19601023213013	0	0.005402884816003	0.082635887565698	0	0	0.019784242065752	0.042394189286145	0	0.046195700462425	0.048558989302919	0	0	0	0	0	0.3869573254004515	0.926621616767828
COLON314	0.021254712530238	0.015951644203085	0.047805722143478	0	0	0.37062564507461	0.12458970091824	0.104197642092	0	0	0.037348007055052	0	0	0	0.03589339279937	0	0.0011095310652015	0.038479058748851	0	0.093369959144043	0.033676618923434	0.075698365302399	0.002	0.20115829115817316	1.0135574102203773
COLON315	0	0	0.13650505062933	0.017403526096078	0	0	0.26581556472713	0	0.11056257892708	0	0	0.2322787371519	0	0	0	0	0	0	0.23743454246848	0	0	0	0.713	0.027241185375634785	1.1258811626854386
COLON316	0	0.066509031745474	0.076709386125961	0	0	0.19330702144753	0.18140359915376	0	0.036982164403482	0	0.14269252872232	0	0	0	0.058358474168737	0.092106002700578	0	0	0.15193179153215	0	0	0	0.003	0.19324072146186563	1.0045109436326465
COLON317	0.14947261768677	0	0	0.1070040084575	0	0.041321015401983	0	0.1654593428496	0.074904232569207	0	0	0.090845896525534	0	0.0564879717161	0.10377168684303	0	0.094630916411175	0	0.11610231153911	0	0	0	0.831	0.008292419865468345	1.0899203960276813
COLON318	0.096863470409448	0	0.068418283537147	0	0.14986478758483	0	0.05698365659588	0	0	0	0.13746373267284	0	0	0.24785404229706	0	0	0.007879504006813	0.10537518246426	0	0.12929734043173	0	0	1.0	-0.0696	1.1180802906958485
COLON319	0.01791103867931	0	0.059155130973327	0.16677768183445	0	0	0.018474122246095	0.074949160194047	0.075037235243888	0	0.052813668123047	0.0063718121298649	0.022212599953011	0	0	0.17572998060081	0.082795429990559	0.091510202065815	0.13170110605126	0	0	0.024560831914522	0	0.34342289710095286	0.9395576283844806
COLON320	0.12839927777096	0	0.054890999616833	0.15256826012338	0	0.025439859017665	0.094109740898734	0.15176820475477	0.099476203565947	0	0.043359093879518	0	0.042892297348067	0.0079020539935142	0	0	0.16311271136997	0.012613132698393	0	0.023468164962253	0	0	0.129	0.10554810131332167	1.0500894106575815
COLON321	0.064043566106887	0	0.029704911936685	0.1085603099943	0	0	0.099997877612109	0.089965230870235	0.020938289891826	0	0.053191513431578	0.082050752827328	0	0.015997213137212	0.075260926505337	0.098318887060874	0.06668859413737	0.050314338079663	0.10396242056949	0	0	0.041005167839097	0	0.3426869760951603	0.9409828750933755
COLON322	0	0.0059267449017781	0.10722924929473	0.067690275032585	0	0.36604702920871	0.14485538977296	0	0.061948673378585	0	0	0.080921450701111	0	0.01716213461817	0	0	0.12345858248194	0	0.017874516734255	0	0.0068859538751851	0	0.029	0.1415072092475133	1.0485894212748386
